word	score
almost	-0.3
barely	-0.3
hardly	-0.3
kinda	-0.3
kindof	-0.3
kind-of	-0.3
less	-0.3
little	-0.3
marginal	-0.3
marginally	-0.3
occasional	-0.3
occasionally	-0.3
partly	-0.3
scarce	-0.3
scarcely	-0.3
slight	-0.3
slightly	-0.3
somewhat	-0.3
sorta	-0.3
sortof	-0.3
sort-of	-0.3
2-faces	-0.3
abnormal	-0.3
abolish	-0.3
abominable	-0.3
abominably	-0.3
abominate	-0.3
abomination	-0.3
abort	-0.3
aborted	-0.3
aborts	-0.3
abrade	-0.3
abrasive	-0.3
abrupt	-0.3
abruptly	-0.3
abscond	-0.3
absence	-0.3
absent-minded	-0.3
absentee	-0.3
absurd	-0.3
absurdity	-0.3
absurdly	-0.3
absurdness	-0.3
abuse	-0.3
abused	-0.3
abuses	-0.3
abusive	-0.3
abysmal	-0.3
abysmally	-0.3
abyss	-0.3
accidental	-0.3
accost	-0.3
accursed	-0.3
accusation	-0.3
accusations	-0.3
accuse	-0.3
accuses	-0.3
accusing	-0.3
accusingly	-0.3
acerbate	-0.3
acerbic	-0.3
acerbically	-0.3
ache	-0.3
ached	-0.3
aches	-0.3
achey	-0.3
aching	-0.3
acrid	-0.3
acridly	-0.3
acridness	-0.3
acrimonious	-0.3
acrimoniously	-0.3
acrimony	-0.3
adamant	-0.3
adamantly	-0.3
addict	-0.3
addicted	-0.3
addicting	-0.3
addicts	-0.3
admonish	-0.3
admonisher	-0.3
admonishingly	-0.3
admonishment	-0.3
admonition	-0.3
adulterate	-0.3
adulterated	-0.3
adulteration	-0.3
adulterier	-0.3
adversarial	-0.3
adversary	-0.3
adverse	-0.3
adversity	-0.3
afflict	-0.3
affliction	-0.3
afflictive	-0.3
affront	-0.3
afraid	-0.3
aggravate	-0.3
aggravating	-0.3
aggravation	-0.3
aggression	-0.3
aggressive	-0.3
aggressiveness	-0.3
aggressor	-0.3
aggrieve	-0.3
aggrieved	-0.3
aggrivation	-0.3
aghast	-0.3
agonies	-0.3
agonize	-0.3
agonizing	-0.3
agonizingly	-0.3
agony	-0.3
aground	-0.3
ail	-0.3
ailing	-0.3
ailment	-0.3
aimless	-0.3
alarm	-0.3
alarmed	-0.3
alarming	-0.3
alarmingly	-0.3
alienate	-0.3
alienated	-0.3
alienation	-0.3
allegation	-0.3
allegations	-0.3
allege	-0.3
allergic	-0.3
allergies	-0.3
allergy	-0.3
aloof	-0.3
altercation	-0.3
ambiguity	-0.3
ambiguous	-0.3
ambivalence	-0.3
ambivalent	-0.3
ambush	-0.3
amiss	-0.3
amputate	-0.3
anarchism	-0.3
anarchist	-0.3
anarchistic	-0.3
anarchy	-0.3
anemic	-0.3
anger	-0.3
angrily	-0.3
angriness	-0.3
angry	-0.3
anguish	-0.3
animosity	-0.3
annihilate	-0.3
annihilation	-0.3
annoy	-0.3
annoyance	-0.3
annoyances	-0.3
annoyed	-0.3
annoying	-0.3
annoyingly	-0.3
annoys	-0.3
anomalous	-0.3
anomaly	-0.3
antagonism	-0.3
antagonist	-0.3
antagonistic	-0.3
antagonize	-0.3
anti-	-0.3
anti-american	-0.3
anti-israeli	-0.3
anti-occupation	-0.3
anti-proliferation	-0.3
anti-semites	-0.3
anti-social	-0.3
anti-us	-0.3
anti-white	-0.3
antipathy	-0.3
antiquated	-0.3
antithetical	-0.3
anxieties	-0.3
anxiety	-0.3
anxious	-0.3
anxiously	-0.3
anxiousness	-0.3
apathetic	-0.3
apathetically	-0.3
apathy	-0.3
apocalypse	-0.3
apocalyptic	-0.3
apologist	-0.3
apologists	-0.3
appal	-0.3
appall	-0.3
appalled	-0.3
appalling	-0.3
appallingly	-0.3
apprehension	-0.3
apprehensions	-0.3
apprehensive	-0.3
apprehensively	-0.3
arbitrary	-0.3
arcane	-0.3
archaic	-0.3
arduous	-0.3
arduously	-0.3
argumentative	-0.3
arrogance	-0.3
arrogant	-0.3
arrogantly	-0.3
ashamed	-0.3
asinine	-0.3
asininely	-0.3
asinininity	-0.3
askance	-0.3
asperse	-0.3
aspersion	-0.3
aspersions	-0.3
assail	-0.3
assassin	-0.3
assassinate	-0.3
assault	-0.3
assult	-0.3
astray	-0.3
asunder	-0.3
atrocious	-0.3
atrocities	-0.3
atrocity	-0.3
atrophy	-0.3
attack	-0.3
attacks	-0.3
audacious	-0.3
audaciously	-0.3
audaciousness	-0.3
audacity	-0.3
audiciously	-0.3
austere	-0.3
authoritarian	-0.3
autocrat	-0.3
autocratic	-0.3
avalanche	-0.3
avarice	-0.3
avaricious	-0.3
avariciously	-0.3
avenge	-0.3
averse	-0.3
aversion	-0.3
aweful	-0.3
awful	-0.3
awfully	-0.3
awfulness	-0.3
awkward	-0.3
awkwardness	-0.3
ax	-0.3
babble	-0.3
back-logged	-0.3
back-wood	-0.3
back-woods	-0.3
backache	-0.3
backaches	-0.3
backaching	-0.3
backbite	-0.3
backbiting	-0.3
backward	-0.3
backwardness	-0.3
backwood	-0.3
backwoods	-0.3
bad	-0.3
badly	-0.3
baffle	-0.3
baffled	-0.3
bafflement	-0.3
baffling	-0.3
bait	-0.3
balk	-0.3
banal	-0.3
banalize	-0.3
bane	-0.3
banish	-0.3
banishment	-0.3
bankrupt	-0.3
barbarian	-0.3
barbaric	-0.3
barbarically	-0.3
barbarity	-0.3
barbarous	-0.3
barbarously	-0.3
barren	-0.3
baseless	-0.3
bash	-0.3
bashed	-0.3
bashful	-0.3
bashing	-0.3
bastard	-0.3
bastards	-0.3
battered	-0.3
battering	-0.3
batty	-0.3
bearish	-0.3
beastly	-0.3
bedlam	-0.3
bedlamite	-0.3
befoul	-0.3
beg	-0.3
beggar	-0.3
beggarly	-0.3
begging	-0.3
beguile	-0.3
belabor	-0.3
belated	-0.3
beleaguer	-0.3
belie	-0.3
belittle	-0.3
belittled	-0.3
belittling	-0.3
bellicose	-0.3
belligerence	-0.3
belligerent	-0.3
belligerently	-0.3
bemoan	-0.3
bemoaning	-0.3
bemused	-0.3
bent	-0.3
berate	-0.3
bereave	-0.3
bereavement	-0.3
bereft	-0.3
berserk	-0.3
beseech	-0.3
beset	-0.3
besiege	-0.3
besmirch	-0.3
bestial	-0.3
betray	-0.3
betrayal	-0.3
betrayals	-0.3
betrayer	-0.3
betraying	-0.3
betrays	-0.3
bewail	-0.3
beware	-0.3
bewilder	-0.3
bewildered	-0.3
bewildering	-0.3
bewilderingly	-0.3
bewilderment	-0.3
bewitch	-0.3
bias	-0.3
biased	-0.3
biases	-0.3
bicker	-0.3
bickering	-0.3
bid-rigging	-0.3
bigotries	-0.3
bigotry	-0.3
bitch	-0.3
bitchy	-0.3
biting	-0.3
bitingly	-0.3
bitter	-0.3
bitterly	-0.3
bitterness	-0.3
bizarre	-0.3
blab	-0.3
blabber	-0.3
blackmail	-0.3
blah	-0.3
blame	-0.3
blameworthy	-0.3
bland	-0.3
blandish	-0.3
blaspheme	-0.3
blasphemous	-0.3
blasphemy	-0.3
blasted	-0.3
blatant	-0.3
blatantly	-0.3
blather	-0.3
bleak	-0.3
bleakly	-0.3
bleakness	-0.3
bleed	-0.3
bleeding	-0.3
bleeds	-0.3
blemish	-0.3
blind	-0.3
blinding	-0.3
blindingly	-0.3
blindside	-0.3
blister	-0.3
blistering	-0.3
bloated	-0.3
blockage	-0.3
blockhead	-0.3
bloodshed	-0.3
bloodthirsty	-0.3
bloody	-0.3
blotchy	-0.3
blow	-0.3
blunder	-0.3
blundering	-0.3
blunders	-0.3
blunt	-0.3
blur	-0.3
bluring	-0.3
blurred	-0.3
blurring	-0.3
blurry	-0.3
blurs	-0.3
blurt	-0.3
boastful	-0.3
boggle	-0.3
bogus	-0.3
boil	-0.3
boiling	-0.3
boisterous	-0.3
bomb	-0.3
bombard	-0.3
bombardment	-0.3
bombastic	-0.3
bondage	-0.3
bonkers	-0.3
bore	-0.3
bored	-0.3
boredom	-0.3
bores	-0.3
boring	-0.3
botch	-0.3
bother	-0.3
bothered	-0.3
bothering	-0.3
bothers	-0.3
bothersome	-0.3
bowdlerize	-0.3
boycott	-0.3
braggart	-0.3
bragger	-0.3
brainless	-0.3
brainwash	-0.3
brash	-0.3
brashly	-0.3
brashness	-0.3
brat	-0.3
bravado	-0.3
brazen	-0.3
brazenly	-0.3
brazenness	-0.3
breach	-0.3
break	-0.3
break-up	-0.3
break-ups	-0.3
breakdown	-0.3
breaking	-0.3
breaks	-0.3
breakup	-0.3
breakups	-0.3
bribery	-0.3
brimstone	-0.3
bristle	-0.3
brittle	-0.3
broke	-0.3
broken	-0.3
broken-hearted	-0.3
brood	-0.3
browbeat	-0.3
bruise	-0.3
bruised	-0.3
bruises	-0.3
bruising	-0.3
brusque	-0.3
brutal	-0.3
brutalising	-0.3
brutalities	-0.3
brutality	-0.3
brutalize	-0.3
brutalizing	-0.3
brutally	-0.3
brute	-0.3
brutish	-0.3
bs	-0.3
buckle	-0.3
bug	-0.3
bugging	-0.3
buggy	-0.3
bugs	-0.3
bulkier	-0.3
bulkiness	-0.3
bulky	-0.3
bulkyness	-0.3
bull****	-0.3
bull----	-0.3
bullies	-0.3
bullshit	-0.3
bullshyt	-0.3
bully	-0.3
bullying	-0.3
bullyingly	-0.3
bum	-0.3
bump	-0.3
bumped	-0.3
bumping	-0.3
bumpping	-0.3
bumps	-0.3
bumpy	-0.3
bungle	-0.3
bungler	-0.3
bungling	-0.3
bunk	-0.3
burden	-0.3
burdensome	-0.3
burdensomely	-0.3
burn	-0.3
burned	-0.3
burning	-0.3
burns	-0.3
bust	-0.3
busts	-0.3
busybody	-0.3
butcher	-0.3
butchery	-0.3
buzzing	-0.3
byzantine	-0.3
cackle	-0.3
calamities	-0.3
calamitous	-0.3
calamitously	-0.3
calamity	-0.3
callous	-0.3
calumniate	-0.3
calumniation	-0.3
calumnies	-0.3
calumnious	-0.3
calumniously	-0.3
calumny	-0.3
cancer	-0.3
cancerous	-0.3
cannibal	-0.3
cannibalize	-0.3
capitulate	-0.3
capricious	-0.3
capriciously	-0.3
capriciousness	-0.3
capsize	-0.3
careless	-0.3
carelessness	-0.3
caricature	-0.3
carnage	-0.3
carp	-0.3
cartoonish	-0.3
cash-strapped	-0.3
castigate	-0.3
castrated	-0.3
casualty	-0.3
cataclysm	-0.3
cataclysmal	-0.3
cataclysmic	-0.3
cataclysmically	-0.3
catastrophe	-0.3
catastrophes	-0.3
catastrophic	-0.3
catastrophically	-0.3
catastrophies	-0.3
caustic	-0.3
caustically	-0.3
cautionary	-0.3
cave	-0.3
censure	-0.3
chafe	-0.3
chaff	-0.3
chagrin	-0.3
challenging	-0.3
chaos	-0.3
chaotic	-0.3
chasten	-0.3
chastise	-0.3
chastisement	-0.3
chatter	-0.3
chatterbox	-0.3
cheap	-0.3
cheapen	-0.3
cheaply	-0.3
cheat	-0.3
cheated	-0.3
cheater	-0.3
cheating	-0.3
cheats	-0.3
checkered	-0.3
cheerless	-0.3
cheesy	-0.3
chide	-0.3
childish	-0.3
chill	-0.3
chilly	-0.3
chintzy	-0.3
choke	-0.3
choleric	-0.3
choppy	-0.3
chore	-0.3
chronic	-0.3
chunky	-0.3
clamor	-0.3
clamorous	-0.3
clash	-0.3
cliche	-0.3
cliched	-0.3
clique	-0.3
clog	-0.3
clogged	-0.3
clogs	-0.3
cloud	-0.3
clouding	-0.3
cloudy	-0.3
clueless	-0.3
clumsy	-0.3
clunky	-0.3
coarse	-0.3
cocky	-0.3
coerce	-0.3
coercion	-0.3
coercive	-0.3
cold	-0.3
coldly	-0.3
collapse	-0.3
collude	-0.3
collusion	-0.3
combative	-0.3
combust	-0.3
comical	-0.3
commiserate	-0.3
commonplace	-0.3
commotion	-0.3
commotions	-0.3
complacent	-0.3
complain	-0.3
complained	-0.3
complaining	-0.3
complains	-0.3
complaint	-0.3
complaints	-0.3
complex	-0.3
complicated	-0.3
complication	-0.3
complicit	-0.3
compulsion	-0.3
compulsive	-0.3
concede	-0.3
conceded	-0.3
conceit	-0.3
conceited	-0.3
concen	-0.3
concens	-0.3
concern	-0.3
concerned	-0.3
concerns	-0.3
concession	-0.3
concessions	-0.3
condemn	-0.3
condemnable	-0.3
condemnation	-0.3
condemned	-0.3
condemns	-0.3
condescend	-0.3
condescending	-0.3
condescendingly	-0.3
condescension	-0.3
confess	-0.3
confession	-0.3
confessions	-0.3
confined	-0.3
conflict	-0.3
conflicted	-0.3
conflicting	-0.3
conflicts	-0.3
confound	-0.3
confounded	-0.3
confounding	-0.3
confront	-0.3
confrontation	-0.3
confrontational	-0.3
confuse	-0.3
confused	-0.3
confuses	-0.3
confusing	-0.3
confusion	-0.3
confusions	-0.3
congested	-0.3
congestion	-0.3
cons	-0.3
conscons	-0.3
conservative	-0.3
conspicuous	-0.3
conspicuously	-0.3
conspiracies	-0.3
conspiracy	-0.3
conspirator	-0.3
conspiratorial	-0.3
conspire	-0.3
consternation	-0.3
contagious	-0.3
contaminate	-0.3
contaminated	-0.3
contaminates	-0.3
contaminating	-0.3
contamination	-0.3
contempt	-0.3
contemptible	-0.3
contemptuous	-0.3
contemptuously	-0.3
contend	-0.3
contention	-0.3
contentious	-0.3
contort	-0.3
contortions	-0.3
contradict	-0.3
contradiction	-0.3
contradictory	-0.3
contrariness	-0.3
contravene	-0.3
contrive	-0.3
contrived	-0.3
controversial	-0.3
controversy	-0.3
convoluted	-0.3
corrode	-0.3
corrosion	-0.3
corrosions	-0.3
corrosive	-0.3
corrupt	-0.3
corrupted	-0.3
corrupting	-0.3
corruption	-0.3
corrupts	-0.3
corruptted	-0.3
costlier	-0.3
costly	-0.3
counter-productive	-0.3
counterproductive	-0.3
coupists	-0.3
covetous	-0.3
coward	-0.3
cowardly	-0.3
crabby	-0.3
crack	-0.3
cracked	-0.3
cracks	-0.3
craftily	-0.3
craftly	-0.3
crafty	-0.3
cramp	-0.3
cramped	-0.3
cramping	-0.3
cranky	-0.3
crap	-0.3
crappy	-0.3
craps	-0.3
crash	-0.3
crashed	-0.3
crashes	-0.3
crashing	-0.3
crass	-0.3
craven	-0.3
cravenly	-0.3
craze	-0.3
crazily	-0.3
craziness	-0.3
crazy	-0.3
creak	-0.3
creaking	-0.3
creaks	-0.3
credulous	-0.3
creep	-0.3
creeping	-0.3
creeps	-0.3
creepy	-0.3
crept	-0.3
crime	-0.3
criminal	-0.3
cringe	-0.3
cringed	-0.3
cringes	-0.3
cripple	-0.3
crippled	-0.3
cripples	-0.3
crippling	-0.3
crisis	-0.3
critic	-0.3
critical	-0.3
criticism	-0.3
criticisms	-0.3
criticize	-0.3
criticized	-0.3
criticizing	-0.3
critics	-0.3
cronyism	-0.3
crook	-0.3
crooked	-0.3
crooks	-0.3
crowded	-0.3
crowdedness	-0.3
crude	-0.3
cruel	-0.3
crueler	-0.3
cruelest	-0.3
cruelly	-0.3
cruelness	-0.3
cruelties	-0.3
cruelty	-0.3
crumble	-0.3
crumbling	-0.3
crummy	-0.3
crumple	-0.3
crumpled	-0.3
crumples	-0.3
crush	-0.3
crushed	-0.3
crushing	-0.3
cry	-0.3
culpable	-0.3
culprit	-0.3
cumbersome	-0.3
cunt	-0.3
cunts	-0.3
cuplrit	-0.3
curse	-0.3
cursed	-0.3
curses	-0.3
curt	-0.3
cuss	-0.3
cussed	-0.3
cutthroat	-0.3
cynical	-0.3
cynicism	-0.3
d*mn	-0.3
damage	-0.3
damaged	-0.3
damages	-0.3
damaging	-0.3
damn	-0.3
damnable	-0.3
damnably	-0.3
damnation	-0.3
damned	-0.3
damning	-0.3
damper	-0.3
danger	-0.3
dangerous	-0.3
dangerousness	-0.3
dark	-0.3
darken	-0.3
darkened	-0.3
darker	-0.3
darkness	-0.3
dastard	-0.3
dastardly	-0.3
daunt	-0.3
daunting	-0.3
dauntingly	-0.3
dawdle	-0.3
daze	-0.3
dazed	-0.3
dead	-0.3
deadbeat	-0.3
deadlock	-0.3
deadly	-0.3
deadweight	-0.3
deaf	-0.3
dearth	-0.3
death	-0.3
debacle	-0.3
debase	-0.3
debasement	-0.3
debaser	-0.3
debatable	-0.3
debauch	-0.3
debaucher	-0.3
debauchery	-0.3
debilitate	-0.3
debilitating	-0.3
debility	-0.3
debt	-0.3
debts	-0.3
decadence	-0.3
decadent	-0.3
decay	-0.3
decayed	-0.3
deceit	-0.3
deceitful	-0.3
deceitfully	-0.3
deceitfulness	-0.3
deceive	-0.3
deceiver	-0.3
deceivers	-0.3
deceiving	-0.3
deception	-0.3
deceptive	-0.3
deceptively	-0.3
declaim	-0.3
decline	-0.3
declines	-0.3
declining	-0.3
decrement	-0.3
decrepit	-0.3
decrepitude	-0.3
decry	-0.3
defamation	-0.3
defamations	-0.3
defamatory	-0.3
defame	-0.3
defect	-0.3
defective	-0.3
defects	-0.3
defensive	-0.3
defiance	-0.3
defiant	-0.3
defiantly	-0.3
deficiencies	-0.3
deficiency	-0.3
deficient	-0.3
defile	-0.3
defiler	-0.3
deform	-0.3
deformed	-0.3
defrauding	-0.3
defunct	-0.3
defy	-0.3
degenerate	-0.3
degenerately	-0.3
degeneration	-0.3
degradation	-0.3
degrade	-0.3
degrading	-0.3
degradingly	-0.3
dehumanization	-0.3
dehumanize	-0.3
deign	-0.3
deject	-0.3
dejected	-0.3
dejectedly	-0.3
dejection	-0.3
delay	-0.3
delayed	-0.3
delaying	-0.3
delays	-0.3
delinquency	-0.3
delinquent	-0.3
delirious	-0.3
delirium	-0.3
delude	-0.3
deluded	-0.3
deluge	-0.3
delusion	-0.3
delusional	-0.3
delusions	-0.3
demean	-0.3
demeaning	-0.3
demise	-0.3
demolish	-0.3
demolisher	-0.3
demon	-0.3
demonic	-0.3
demonize	-0.3
demonized	-0.3
demonizes	-0.3
demonizing	-0.3
demoralize	-0.3
demoralizing	-0.3
demoralizingly	-0.3
denial	-0.3
denied	-0.3
denies	-0.3
denigrate	-0.3
denounce	-0.3
dense	-0.3
dent	-0.3
dented	-0.3
dents	-0.3
denunciate	-0.3
denunciation	-0.3
denunciations	-0.3
deny	-0.3
denying	-0.3
deplete	-0.3
deplorable	-0.3
deplorably	-0.3
deplore	-0.3
deploring	-0.3
deploringly	-0.3
deprave	-0.3
depraved	-0.3
depravedly	-0.3
deprecate	-0.3
depress	-0.3
depressed	-0.3
depressing	-0.3
depressingly	-0.3
depression	-0.3
depressions	-0.3
deprive	-0.3
deprived	-0.3
deride	-0.3
derision	-0.3
derisive	-0.3
derisively	-0.3
derisiveness	-0.3
derogatory	-0.3
desecrate	-0.3
desert	-0.3
desertion	-0.3
desiccate	-0.3
desiccated	-0.3
desititute	-0.3
desolate	-0.3
desolately	-0.3
desolation	-0.3
despair	-0.3
despairing	-0.3
despairingly	-0.3
desperate	-0.3
desperately	-0.3
desperation	-0.3
despicable	-0.3
despicably	-0.3
despise	-0.3
despised	-0.3
despoil	-0.3
despoiler	-0.3
despondence	-0.3
despondency	-0.3
despondent	-0.3
despondently	-0.3
despot	-0.3
despotic	-0.3
despotism	-0.3
destabilisation	-0.3
destains	-0.3
destitute	-0.3
destitution	-0.3
destroy	-0.3
destroyer	-0.3
destruction	-0.3
destructive	-0.3
desultory	-0.3
deter	-0.3
deteriorate	-0.3
deteriorating	-0.3
deterioration	-0.3
deterrent	-0.3
detest	-0.3
detestable	-0.3
detestably	-0.3
detested	-0.3
detesting	-0.3
detests	-0.3
detract	-0.3
detracted	-0.3
detracting	-0.3
detraction	-0.3
detracts	-0.3
detriment	-0.3
detrimental	-0.3
devastate	-0.3
devastated	-0.3
devastates	-0.3
devastating	-0.3
devastatingly	-0.3
devastation	-0.3
deviate	-0.3
deviation	-0.3
devil	-0.3
devilish	-0.3
devilishly	-0.3
devilment	-0.3
devilry	-0.3
devious	-0.3
deviously	-0.3
deviousness	-0.3
devoid	-0.3
diabolic	-0.3
diabolical	-0.3
diabolically	-0.3
diametrically	-0.3
diappointed	-0.3
diatribe	-0.3
diatribes	-0.3
dick	-0.3
dictator	-0.3
dictatorial	-0.3
die	-0.3
die-hard	-0.3
died	-0.3
dies	-0.3
difficult	-0.3
difficulties	-0.3
difficulty	-0.3
diffidence	-0.3
dilapidated	-0.3
dilemma	-0.3
dilly-dally	-0.3
dim	-0.3
dimmer	-0.3
din	-0.3
ding	-0.3
dings	-0.3
dinky	-0.3
dire	-0.3
direly	-0.3
direness	-0.3
dirt	-0.3
dirtbag	-0.3
dirtbags	-0.3
dirts	-0.3
dirty	-0.3
disable	-0.3
disabled	-0.3
disaccord	-0.3
disadvantage	-0.3
disadvantaged	-0.3
disadvantageous	-0.3
disadvantages	-0.3
disaffect	-0.3
disaffected	-0.3
disaffirm	-0.3
disagree	-0.3
disagreeable	-0.3
disagreeably	-0.3
disagreed	-0.3
disagreeing	-0.3
disagreement	-0.3
disagrees	-0.3
disallow	-0.3
disapointed	-0.3
disapointing	-0.3
disapointment	-0.3
disappoint	-0.3
disappointed	-0.3
disappointing	-0.3
disappointingly	-0.3
disappointment	-0.3
disappointments	-0.3
disappoints	-0.3
disapprobation	-0.3
disapproval	-0.3
disapprove	-0.3
disapproving	-0.3
disarm	-0.3
disarray	-0.3
disaster	-0.3
disasterous	-0.3
disastrous	-0.3
disastrously	-0.3
disavow	-0.3
disavowal	-0.3
disbelief	-0.3
disbelieve	-0.3
disbeliever	-0.3
disclaim	-0.3
discombobulate	-0.3
discomfit	-0.3
discomfititure	-0.3
discomfort	-0.3
discompose	-0.3
disconcert	-0.3
disconcerted	-0.3
disconcerting	-0.3
disconcertingly	-0.3
disconsolate	-0.3
disconsolately	-0.3
disconsolation	-0.3
discontent	-0.3
discontented	-0.3
discontentedly	-0.3
discontinued	-0.3
discontinuity	-0.3
discontinuous	-0.3
discord	-0.3
discordance	-0.3
discordant	-0.3
discountenance	-0.3
discourage	-0.3
discouragement	-0.3
discouraging	-0.3
discouragingly	-0.3
discourteous	-0.3
discourteously	-0.3
discoutinous	-0.3
discredit	-0.3
discrepant	-0.3
discriminate	-0.3
discrimination	-0.3
discriminatory	-0.3
disdain	-0.3
disdained	-0.3
disdainful	-0.3
disdainfully	-0.3
disfavor	-0.3
disgrace	-0.3
disgraced	-0.3
disgraceful	-0.3
disgracefully	-0.3
disgruntle	-0.3
disgruntled	-0.3
disgust	-0.3
disgusted	-0.3
disgustedly	-0.3
disgustful	-0.3
disgustfully	-0.3
disgusting	-0.3
disgustingly	-0.3
dishearten	-0.3
disheartening	-0.3
dishearteningly	-0.3
dishonest	-0.3
dishonestly	-0.3
dishonesty	-0.3
dishonor	-0.3
dishonorable	-0.3
dishonorablely	-0.3
disillusion	-0.3
disillusioned	-0.3
disillusionment	-0.3
disillusions	-0.3
disinclination	-0.3
disinclined	-0.3
disingenuous	-0.3
disingenuously	-0.3
disintegrate	-0.3
disintegrated	-0.3
disintegrates	-0.3
disintegration	-0.3
disinterest	-0.3
disinterested	-0.3
dislike	-0.3
disliked	-0.3
dislikes	-0.3
disliking	-0.3
dislocated	-0.3
disloyal	-0.3
disloyalty	-0.3
dismal	-0.3
dismally	-0.3
dismalness	-0.3
dismay	-0.3
dismayed	-0.3
dismaying	-0.3
dismayingly	-0.3
dismissive	-0.3
dismissively	-0.3
disobedience	-0.3
disobedient	-0.3
disobey	-0.3
disoobedient	-0.3
disorder	-0.3
disordered	-0.3
disorderly	-0.3
disorganized	-0.3
disorient	-0.3
disoriented	-0.3
disown	-0.3
disparage	-0.3
disparaging	-0.3
disparagingly	-0.3
dispensable	-0.3
dispirit	-0.3
dispirited	-0.3
dispiritedly	-0.3
dispiriting	-0.3
displace	-0.3
displaced	-0.3
displease	-0.3
displeased	-0.3
displeasing	-0.3
displeasure	-0.3
disproportionate	-0.3
disprove	-0.3
disputable	-0.3
dispute	-0.3
disputed	-0.3
disquiet	-0.3
disquieting	-0.3
disquietingly	-0.3
disquietude	-0.3
disregard	-0.3
disregardful	-0.3
disreputable	-0.3
disrepute	-0.3
disrespect	-0.3
disrespectable	-0.3
disrespectablity	-0.3
disrespectful	-0.3
disrespectfully	-0.3
disrespectfulness	-0.3
disrespecting	-0.3
disrupt	-0.3
disruption	-0.3
disruptive	-0.3
diss	-0.3
dissapointed	-0.3
dissappointed	-0.3
dissappointing	-0.3
dissatisfaction	-0.3
dissatisfactory	-0.3
dissatisfied	-0.3
dissatisfies	-0.3
dissatisfy	-0.3
dissatisfying	-0.3
dissed	-0.3
dissemble	-0.3
dissembler	-0.3
dissension	-0.3
dissent	-0.3
dissenter	-0.3
dissention	-0.3
disservice	-0.3
disses	-0.3
dissidence	-0.3
dissident	-0.3
dissidents	-0.3
dissing	-0.3
dissocial	-0.3
dissolute	-0.3
dissolution	-0.3
dissonance	-0.3
dissonant	-0.3
dissonantly	-0.3
dissuade	-0.3
dissuasive	-0.3
distains	-0.3
distaste	-0.3
distasteful	-0.3
distastefully	-0.3
distort	-0.3
distorted	-0.3
distortion	-0.3
distorts	-0.3
distract	-0.3
distracting	-0.3
distraction	-0.3
distraught	-0.3
distraughtly	-0.3
distraughtness	-0.3
distress	-0.3
distressed	-0.3
distressing	-0.3
distressingly	-0.3
distrust	-0.3
distrustful	-0.3
distrusting	-0.3
disturb	-0.3
disturbance	-0.3
disturbed	-0.3
disturbing	-0.3
disturbingly	-0.3
disunity	-0.3
disvalue	-0.3
divergent	-0.3
divisive	-0.3
divisively	-0.3
divisiveness	-0.3
dizzing	-0.3
dizzingly	-0.3
dizzy	-0.3
doddering	-0.3
dodgey	-0.3
dogged	-0.3
doggedly	-0.3
dogmatic	-0.3
doldrums	-0.3
domineer	-0.3
domineering	-0.3
donside	-0.3
doom	-0.3
doomed	-0.3
doomsday	-0.3
dope	-0.3
doubt	-0.3
doubtful	-0.3
doubtfully	-0.3
doubts	-0.3
douchbag	-0.3
douchebag	-0.3
douchebags	-0.3
downbeat	-0.3
downcast	-0.3
downer	-0.3
downfall	-0.3
downfallen	-0.3
downgrade	-0.3
downhearted	-0.3
downheartedly	-0.3
downhill	-0.3
downside	-0.3
downsides	-0.3
downturn	-0.3
downturns	-0.3
drab	-0.3
draconian	-0.3
draconic	-0.3
drag	-0.3
dragged	-0.3
dragging	-0.3
dragoon	-0.3
drags	-0.3
drain	-0.3
drained	-0.3
draining	-0.3
drains	-0.3
drastic	-0.3
drastically	-0.3
drawback	-0.3
drawbacks	-0.3
dread	-0.3
dreadful	-0.3
dreadfully	-0.3
dreadfulness	-0.3
dreary	-0.3
dripped	-0.3
dripping	-0.3
drippy	-0.3
drips	-0.3
drones	-0.3
droop	-0.3
droops	-0.3
drop-out	-0.3
drop-outs	-0.3
dropout	-0.3
dropouts	-0.3
drought	-0.3
drowning	-0.3
drunk	-0.3
drunkard	-0.3
drunken	-0.3
dubious	-0.3
dubiously	-0.3
dubitable	-0.3
dud	-0.3
dull	-0.3
dullard	-0.3
dumb	-0.3
dumbfound	-0.3
dump	-0.3
dumped	-0.3
dumping	-0.3
dumps	-0.3
dunce	-0.3
dungeon	-0.3
dungeons	-0.3
dupe	-0.3
dust	-0.3
dusty	-0.3
dwindling	-0.3
dying	-0.3
earsplitting	-0.3
eccentric	-0.3
eccentricity	-0.3
effigy	-0.3
effrontery	-0.3
egocentric	-0.3
egomania	-0.3
egotism	-0.3
egotistical	-0.3
egotistically	-0.3
egregious	-0.3
egregiously	-0.3
election-rigger	-0.3
elimination	-0.3
emaciated	-0.3
emasculate	-0.3
embarrass	-0.3
embarrassing	-0.3
embarrassingly	-0.3
embarrassment	-0.3
embattled	-0.3
embroil	-0.3
embroiled	-0.3
embroilment	-0.3
emergency	-0.3
emphatic	-0.3
emphatically	-0.3
emptiness	-0.3
encroach	-0.3
encroachment	-0.3
endanger	-0.3
enemies	-0.3
enemy	-0.3
enervate	-0.3
enfeeble	-0.3
enflame	-0.3
engulf	-0.3
enjoin	-0.3
enmity	-0.3
enrage	-0.3
enraged	-0.3
enraging	-0.3
enslave	-0.3
entangle	-0.3
entanglement	-0.3
entrap	-0.3
entrapment	-0.3
envious	-0.3
enviously	-0.3
enviousness	-0.3
epidemic	-0.3
equivocal	-0.3
erase	-0.3
erode	-0.3
erodes	-0.3
erosion	-0.3
err	-0.3
errant	-0.3
erratic	-0.3
erratically	-0.3
erroneous	-0.3
erroneously	-0.3
error	-0.3
errors	-0.3
eruptions	-0.3
escapade	-0.3
eschew	-0.3
estranged	-0.3
evade	-0.3
evasion	-0.3
evasive	-0.3
evil	-0.3
evildoer	-0.3
evils	-0.3
eviscerate	-0.3
exacerbate	-0.3
exagerate	-0.3
exagerated	-0.3
exagerates	-0.3
exaggerate	-0.3
exaggeration	-0.3
exasperate	-0.3
exasperated	-0.3
exasperating	-0.3
exasperatingly	-0.3
exasperation	-0.3
excessive	-0.3
excessively	-0.3
exclusion	-0.3
excoriate	-0.3
excruciating	-0.3
excruciatingly	-0.3
excuse	-0.3
excuses	-0.3
execrate	-0.3
exhaust	-0.3
exhausted	-0.3
exhaustion	-0.3
exhausts	-0.3
exhorbitant	-0.3
exhort	-0.3
exile	-0.3
exorbitant	-0.3
exorbitantance	-0.3
exorbitantly	-0.3
expel	-0.3
expensive	-0.3
expire	-0.3
expired	-0.3
explode	-0.3
exploit	-0.3
exploitation	-0.3
explosive	-0.3
expropriate	-0.3
expropriation	-0.3
expulse	-0.3
expunge	-0.3
exterminate	-0.3
extermination	-0.3
extinguish	-0.3
extort	-0.3
extortion	-0.3
extraneous	-0.3
extravagance	-0.3
extravagant	-0.3
extravagantly	-0.3
extremism	-0.3
extremist	-0.3
extremists	-0.3
eyesore	-0.3
f**k	-0.3
fabricate	-0.3
fabrication	-0.3
facetious	-0.3
facetiously	-0.3
fail	-0.3
failed	-0.3
failing	-0.3
fails	-0.3
failure	-0.3
failures	-0.3
faint	-0.3
fainthearted	-0.3
faithless	-0.3
fake	-0.3
fall	-0.3
fallacies	-0.3
fallacious	-0.3
fallaciously	-0.3
fallaciousness	-0.3
fallacy	-0.3
fallen	-0.3
falling	-0.3
fallout	-0.3
falls	-0.3
FALSE	-0.3
falsehood	-0.3
falsely	-0.3
falsify	-0.3
falter	-0.3
faltered	-0.3
famine	-0.3
famished	-0.3
fanatic	-0.3
fanatical	-0.3
fanatically	-0.3
fanaticism	-0.3
fanatics	-0.3
fanciful	-0.3
far-fetched	-0.3
farce	-0.3
farcical	-0.3
farcical-yet-provocative	-0.3
farcically	-0.3
farfetched	-0.3
fascism	-0.3
fascist	-0.3
fastidious	-0.3
fastidiously	-0.3
fastuous	-0.3
fat	-0.3
fat-cat	-0.3
fat-cats	-0.3
fatal	-0.3
fatalistic	-0.3
fatalistically	-0.3
fatally	-0.3
fatcat	-0.3
fatcats	-0.3
fateful	-0.3
fatefully	-0.3
fathomless	-0.3
fatigue	-0.3
fatigued	-0.3
fatique	-0.3
fatty	-0.3
fatuity	-0.3
fatuous	-0.3
fatuously	-0.3
fault	-0.3
faults	-0.3
faulty	-0.3
fawningly	-0.3
faze	-0.3
fear	-0.3
fearful	-0.3
fearfully	-0.3
fears	-0.3
fearsome	-0.3
feckless	-0.3
feeble	-0.3
feeblely	-0.3
feebleminded	-0.3
feign	-0.3
feint	-0.3
fell	-0.3
felon	-0.3
felonious	-0.3
ferociously	-0.3
ferocity	-0.3
fetid	-0.3
fever	-0.3
feverish	-0.3
fevers	-0.3
fiasco	-0.3
fib	-0.3
fibber	-0.3
fickle	-0.3
fiction	-0.3
fictional	-0.3
fictitious	-0.3
fidget	-0.3
fidgety	-0.3
fiend	-0.3
fiendish	-0.3
fierce	-0.3
figurehead	-0.3
filth	-0.3
filthy	-0.3
finagle	-0.3
finicky	-0.3
fissures	-0.3
fist	-0.3
flabbergast	-0.3
flabbergasted	-0.3
flagging	-0.3
flagrant	-0.3
flagrantly	-0.3
flair	-0.3
flairs	-0.3
flak	-0.3
flake	-0.3
flakey	-0.3
flakieness	-0.3
flaking	-0.3
flaky	-0.3
flare	-0.3
flares	-0.3
flareup	-0.3
flareups	-0.3
flat-out	-0.3
flaunt	-0.3
flaw	-0.3
flawed	-0.3
flaws	-0.3
flee	-0.3
fleed	-0.3
fleeing	-0.3
fleer	-0.3
flees	-0.3
fleeting	-0.3
flicering	-0.3
flicker	-0.3
flickering	-0.3
flickers	-0.3
flighty	-0.3
flimflam	-0.3
flimsy	-0.3
flirt	-0.3
flirty	-0.3
floored	-0.3
flounder	-0.3
floundering	-0.3
flout	-0.3
fluster	-0.3
foe	-0.3
fool	-0.3
fooled	-0.3
foolhardy	-0.3
foolish	-0.3
foolishly	-0.3
foolishness	-0.3
forbid	-0.3
forbidden	-0.3
forbidding	-0.3
forceful	-0.3
foreboding	-0.3
forebodingly	-0.3
forfeit	-0.3
forged	-0.3
forgetful	-0.3
forgetfully	-0.3
forgetfulness	-0.3
forlorn	-0.3
forlornly	-0.3
forsake	-0.3
forsaken	-0.3
forswear	-0.3
foul	-0.3
foully	-0.3
foulness	-0.3
fractious	-0.3
fractiously	-0.3
fracture	-0.3
fragile	-0.3
fragmented	-0.3
frail	-0.3
frantic	-0.3
frantically	-0.3
franticly	-0.3
fraud	-0.3
fraudulent	-0.3
fraught	-0.3
frazzle	-0.3
frazzled	-0.3
freak	-0.3
freaking	-0.3
freakish	-0.3
freakishly	-0.3
freaks	-0.3
freeze	-0.3
freezes	-0.3
freezing	-0.3
frenetic	-0.3
frenetically	-0.3
frenzied	-0.3
frenzy	-0.3
fret	-0.3
fretful	-0.3
frets	-0.3
friction	-0.3
frictions	-0.3
fried	-0.3
friggin	-0.3
frigging	-0.3
fright	-0.3
frighten	-0.3
frightening	-0.3
frighteningly	-0.3
frightful	-0.3
frightfully	-0.3
frigid	-0.3
frost	-0.3
frown	-0.3
froze	-0.3
frozen	-0.3
fruitless	-0.3
fruitlessly	-0.3
frustrate	-0.3
frustrated	-0.3
frustrates	-0.3
frustrating	-0.3
frustratingly	-0.3
frustration	-0.3
frustrations	-0.3
fuck	-0.3
fucking	-0.3
fudge	-0.3
fugitive	-0.3
full-blown	-0.3
fulminate	-0.3
fumble	-0.3
fume	-0.3
fumes	-0.3
fundamentalism	-0.3
funky	-0.3
funnily	-0.3
funny	-0.3
furious	-0.3
furiously	-0.3
furor	-0.3
fury	-0.3
fuss	-0.3
fussy	-0.3
fustigate	-0.3
fusty	-0.3
futile	-0.3
futilely	-0.3
futility	-0.3
fuzzy	-0.3
gabble	-0.3
gaff	-0.3
gaffe	-0.3
gainsay	-0.3
gainsayer	-0.3
gall	-0.3
galling	-0.3
gallingly	-0.3
galls	-0.3
gangster	-0.3
gape	-0.3
garbage	-0.3
garish	-0.3
gasp	-0.3
gauche	-0.3
gaudy	-0.3
gawk	-0.3
gawky	-0.3
geezer	-0.3
genocide	-0.3
get-rich	-0.3
ghastly	-0.3
ghetto	-0.3
ghosting	-0.3
gibber	-0.3
gibberish	-0.3
gibe	-0.3
giddy	-0.3
gimmick	-0.3
gimmicked	-0.3
gimmicking	-0.3
gimmicks	-0.3
gimmicky	-0.3
glare	-0.3
glaringly	-0.3
glib	-0.3
glibly	-0.3
glitch	-0.3
glitches	-0.3
gloatingly	-0.3
gloom	-0.3
gloomy	-0.3
glower	-0.3
glum	-0.3
glut	-0.3
gnawing	-0.3
goad	-0.3
goading	-0.3
god-awful	-0.3
goof	-0.3
goofy	-0.3
goon	-0.3
gossip	-0.3
graceless	-0.3
gracelessly	-0.3
graft	-0.3
grainy	-0.3
grapple	-0.3
grate	-0.3
grating	-0.3
gravely	-0.3
greasy	-0.3
greed	-0.3
greedy	-0.3
grief	-0.3
grievance	-0.3
grievances	-0.3
grieve	-0.3
grieving	-0.3
grievous	-0.3
grievously	-0.3
grim	-0.3
grimace	-0.3
grind	-0.3
gripe	-0.3
gripes	-0.3
grisly	-0.3
gritty	-0.3
gross	-0.3
grossly	-0.3
grotesque	-0.3
grouch	-0.3
grouchy	-0.3
groundless	-0.3
grouse	-0.3
growl	-0.3
grudge	-0.3
grudges	-0.3
grudging	-0.3
grudgingly	-0.3
gruesome	-0.3
gruesomely	-0.3
gruff	-0.3
grumble	-0.3
grumpier	-0.3
grumpiest	-0.3
grumpily	-0.3
grumpish	-0.3
grumpy	-0.3
guile	-0.3
guilt	-0.3
guiltily	-0.3
guilty	-0.3
gullible	-0.3
gutless	-0.3
gutter	-0.3
hack	-0.3
hacks	-0.3
haggard	-0.3
haggle	-0.3
hairloss	-0.3
halfhearted	-0.3
halfheartedly	-0.3
hallucinate	-0.3
hallucination	-0.3
hamper	-0.3
hampered	-0.3
handicapped	-0.3
hang	-0.3
hangs	-0.3
haphazard	-0.3
hapless	-0.3
harangue	-0.3
harass	-0.3
harassed	-0.3
harasses	-0.3
harassment	-0.3
harboring	-0.3
harbors	-0.3
hard	-0.3
hard-hit	-0.3
hard-line	-0.3
hard-liner	-0.3
hardball	-0.3
harden	-0.3
hardened	-0.3
hardheaded	-0.3
hardhearted	-0.3
hardliner	-0.3
hardliners	-0.3
hardship	-0.3
hardships	-0.3
harm	-0.3
harmed	-0.3
harmful	-0.3
harms	-0.3
harpy	-0.3
harridan	-0.3
harried	-0.3
harrow	-0.3
harsh	-0.3
harshly	-0.3
hasseling	-0.3
hassle	-0.3
hassled	-0.3
hassles	-0.3
haste	-0.3
hastily	-0.3
hasty	-0.3
hate	-0.3
hated	-0.3
hateful	-0.3
hatefully	-0.3
hatefulness	-0.3
hater	-0.3
haters	-0.3
hates	-0.3
hating	-0.3
hatred	-0.3
haughtily	-0.3
haughty	-0.3
haunt	-0.3
haunting	-0.3
havoc	-0.3
hawkish	-0.3
haywire	-0.3
hazard	-0.3
hazardous	-0.3
haze	-0.3
hazy	-0.3
head-aches	-0.3
headache	-0.3
headaches	-0.3
heartbreaker	-0.3
heartbreaking	-0.3
heartbreakingly	-0.3
heartless	-0.3
heathen	-0.3
heavy-handed	-0.3
heavyhearted	-0.3
heck	-0.3
heckle	-0.3
heckled	-0.3
heckles	-0.3
hectic	-0.3
hedge	-0.3
hedonistic	-0.3
heedless	-0.3
hefty	-0.3
hegemonism	-0.3
hegemonistic	-0.3
hegemony	-0.3
heinous	-0.3
hell	-0.3
hell-bent	-0.3
hellion	-0.3
hells	-0.3
helpless	-0.3
helplessly	-0.3
helplessness	-0.3
heresy	-0.3
heretic	-0.3
heretical	-0.3
hesitant	-0.3
hestitant	-0.3
hideous	-0.3
hideously	-0.3
hideousness	-0.3
high-priced	-0.3
hiliarious	-0.3
hinder	-0.3
hindrance	-0.3
hiss	-0.3
hissed	-0.3
hissing	-0.3
ho-hum	-0.3
hoard	-0.3
hoax	-0.3
hobble	-0.3
hogs	-0.3
hollow	-0.3
hoodium	-0.3
hoodwink	-0.3
hooligan	-0.3
hopeless	-0.3
hopelessly	-0.3
hopelessness	-0.3
horde	-0.3
horrendous	-0.3
horrendously	-0.3
horrible	-0.3
horrid	-0.3
horrific	-0.3
horrified	-0.3
horrifies	-0.3
horrify	-0.3
horrifying	-0.3
horrifys	-0.3
hostage	-0.3
hostile	-0.3
hostilities	-0.3
hostility	-0.3
hotbeds	-0.3
hothead	-0.3
hotheaded	-0.3
hothouse	-0.3
hubris	-0.3
huckster	-0.3
hum	-0.3
humid	-0.3
humiliate	-0.3
humiliating	-0.3
humiliation	-0.3
humming	-0.3
hung	-0.3
hurt	-0.3
hurted	-0.3
hurtful	-0.3
hurting	-0.3
hurts	-0.3
hustler	-0.3
hype	-0.3
hypocricy	-0.3
hypocrisy	-0.3
hypocrite	-0.3
hypocrites	-0.3
hypocritical	-0.3
hypocritically	-0.3
hysteria	-0.3
hysteric	-0.3
hysterical	-0.3
hysterically	-0.3
hysterics	-0.3
idiocies	-0.3
idiocy	-0.3
idiot	-0.3
idiotic	-0.3
idiotically	-0.3
idiots	-0.3
idle	-0.3
ignoble	-0.3
ignominious	-0.3
ignominiously	-0.3
ignominy	-0.3
ignorance	-0.3
ignorant	-0.3
ignore	-0.3
ill-advised	-0.3
ill-conceived	-0.3
ill-defined	-0.3
ill-designed	-0.3
ill-fated	-0.3
ill-favored	-0.3
ill-formed	-0.3
ill-mannered	-0.3
ill-natured	-0.3
ill-sorted	-0.3
ill-tempered	-0.3
ill-treated	-0.3
ill-treatment	-0.3
ill-usage	-0.3
ill-used	-0.3
illegal	-0.3
illegally	-0.3
illegitimate	-0.3
illicit	-0.3
illiterate	-0.3
illness	-0.3
illogic	-0.3
illogical	-0.3
illogically	-0.3
illusion	-0.3
illusions	-0.3
illusory	-0.3
imaginary	-0.3
imbalance	-0.3
imbecile	-0.3
imbroglio	-0.3
immaterial	-0.3
immature	-0.3
imminence	-0.3
imminently	-0.3
immobilized	-0.3
immoderate	-0.3
immoderately	-0.3
immodest	-0.3
immoral	-0.3
immorality	-0.3
immorally	-0.3
immovable	-0.3
impair	-0.3
impaired	-0.3
impasse	-0.3
impatience	-0.3
impatient	-0.3
impatiently	-0.3
impeach	-0.3
impedance	-0.3
impede	-0.3
impediment	-0.3
impending	-0.3
impenitent	-0.3
imperfect	-0.3
imperfection	-0.3
imperfections	-0.3
imperfectly	-0.3
imperialist	-0.3
imperil	-0.3
imperious	-0.3
imperiously	-0.3
impermissible	-0.3
impersonal	-0.3
impertinent	-0.3
impetuous	-0.3
impetuously	-0.3
impiety	-0.3
impinge	-0.3
impious	-0.3
implacable	-0.3
implausible	-0.3
implausibly	-0.3
implicate	-0.3
implication	-0.3
implode	-0.3
impolite	-0.3
impolitely	-0.3
impolitic	-0.3
importunate	-0.3
importune	-0.3
impose	-0.3
imposers	-0.3
imposing	-0.3
imposition	-0.3
impossible	-0.3
impossiblity	-0.3
impossibly	-0.3
impotent	-0.3
impoverish	-0.3
impoverished	-0.3
impractical	-0.3
imprecate	-0.3
imprecise	-0.3
imprecisely	-0.3
imprecision	-0.3
imprison	-0.3
imprisonment	-0.3
improbability	-0.3
improbable	-0.3
improbably	-0.3
improper	-0.3
improperly	-0.3
impropriety	-0.3
imprudence	-0.3
imprudent	-0.3
impudence	-0.3
impudent	-0.3
impudently	-0.3
impugn	-0.3
impulsive	-0.3
impulsively	-0.3
impunity	-0.3
impure	-0.3
impurity	-0.3
inability	-0.3
inaccuracies	-0.3
inaccuracy	-0.3
inaccurate	-0.3
inaccurately	-0.3
inaction	-0.3
inactive	-0.3
inadequacy	-0.3
inadequate	-0.3
inadequately	-0.3
inadverent	-0.3
inadverently	-0.3
inadvisable	-0.3
inadvisably	-0.3
inane	-0.3
inanely	-0.3
inappropriate	-0.3
inappropriately	-0.3
inapt	-0.3
inaptitude	-0.3
inarticulate	-0.3
inattentive	-0.3
inaudible	-0.3
incapable	-0.3
incapably	-0.3
incautious	-0.3
incendiary	-0.3
incense	-0.3
incessant	-0.3
incessantly	-0.3
incite	-0.3
incitement	-0.3
incivility	-0.3
inclement	-0.3
incognizant	-0.3
incoherence	-0.3
incoherent	-0.3
incoherently	-0.3
incommensurate	-0.3
incomparable	-0.3
incomparably	-0.3
incompatability	-0.3
incompatibility	-0.3
incompatible	-0.3
incompetence	-0.3
incompetent	-0.3
incompetently	-0.3
incomplete	-0.3
incompliant	-0.3
incomprehensible	-0.3
incomprehension	-0.3
inconceivable	-0.3
inconceivably	-0.3
incongruous	-0.3
incongruously	-0.3
inconsequent	-0.3
inconsequential	-0.3
inconsequentially	-0.3
inconsequently	-0.3
inconsiderate	-0.3
inconsiderately	-0.3
inconsistence	-0.3
inconsistencies	-0.3
inconsistency	-0.3
inconsistent	-0.3
inconsolable	-0.3
inconsolably	-0.3
inconstant	-0.3
inconvenience	-0.3
inconveniently	-0.3
incorrect	-0.3
incorrectly	-0.3
incorrigible	-0.3
incorrigibly	-0.3
incredulous	-0.3
incredulously	-0.3
inculcate	-0.3
indecency	-0.3
indecent	-0.3
indecently	-0.3
indecision	-0.3
indecisive	-0.3
indecisively	-0.3
indecorum	-0.3
indefensible	-0.3
indelicate	-0.3
indeterminable	-0.3
indeterminably	-0.3
indeterminate	-0.3
indifference	-0.3
indifferent	-0.3
indigent	-0.3
indignant	-0.3
indignantly	-0.3
indignation	-0.3
indignity	-0.3
indiscernible	-0.3
indiscreet	-0.3
indiscreetly	-0.3
indiscretion	-0.3
indiscriminate	-0.3
indiscriminately	-0.3
indiscriminating	-0.3
indistinguishable	-0.3
indoctrinate	-0.3
indoctrination	-0.3
indolent	-0.3
indulge	-0.3
ineffective	-0.3
ineffectively	-0.3
ineffectiveness	-0.3
ineffectual	-0.3
ineffectually	-0.3
ineffectualness	-0.3
inefficacious	-0.3
inefficacy	-0.3
inefficiency	-0.3
inefficient	-0.3
inefficiently	-0.3
inelegance	-0.3
inelegant	-0.3
ineligible	-0.3
ineloquent	-0.3
ineloquently	-0.3
inept	-0.3
ineptitude	-0.3
ineptly	-0.3
inequalities	-0.3
inequality	-0.3
inequitable	-0.3
inequitably	-0.3
inequities	-0.3
inescapable	-0.3
inescapably	-0.3
inessential	-0.3
inevitable	-0.3
inevitably	-0.3
inexcusable	-0.3
inexcusably	-0.3
inexorable	-0.3
inexorably	-0.3
inexperience	-0.3
inexperienced	-0.3
inexpert	-0.3
inexpertly	-0.3
inexpiable	-0.3
inexplainable	-0.3
inextricable	-0.3
inextricably	-0.3
infamous	-0.3
infamously	-0.3
infamy	-0.3
infected	-0.3
infection	-0.3
infections	-0.3
inferior	-0.3
inferiority	-0.3
infernal	-0.3
infest	-0.3
infested	-0.3
infidel	-0.3
infidels	-0.3
infiltrator	-0.3
infiltrators	-0.3
infirm	-0.3
inflame	-0.3
inflammation	-0.3
inflammatory	-0.3
inflammed	-0.3
inflated	-0.3
inflationary	-0.3
inflexible	-0.3
inflict	-0.3
infraction	-0.3
infringe	-0.3
infringement	-0.3
infringements	-0.3
infuriate	-0.3
infuriated	-0.3
infuriating	-0.3
infuriatingly	-0.3
inglorious	-0.3
ingrate	-0.3
ingratitude	-0.3
inhibit	-0.3
inhibition	-0.3
inhospitable	-0.3
inhospitality	-0.3
inhuman	-0.3
inhumane	-0.3
inhumanity	-0.3
inimical	-0.3
inimically	-0.3
iniquitous	-0.3
iniquity	-0.3
injudicious	-0.3
injure	-0.3
injurious	-0.3
injury	-0.3
injustice	-0.3
injustices	-0.3
innuendo	-0.3
inoperable	-0.3
inopportune	-0.3
inordinate	-0.3
inordinately	-0.3
insane	-0.3
insanely	-0.3
insanity	-0.3
insatiable	-0.3
insecure	-0.3
insecurity	-0.3
insensible	-0.3
insensitive	-0.3
insensitively	-0.3
insensitivity	-0.3
insidious	-0.3
insidiously	-0.3
insignificance	-0.3
insignificant	-0.3
insignificantly	-0.3
insincere	-0.3
insincerely	-0.3
insincerity	-0.3
insinuate	-0.3
insinuating	-0.3
insinuation	-0.3
insociable	-0.3
insolence	-0.3
insolent	-0.3
insolently	-0.3
insolvent	-0.3
insouciance	-0.3
instability	-0.3
instable	-0.3
instigate	-0.3
instigator	-0.3
instigators	-0.3
insubordinate	-0.3
insubstantial	-0.3
insubstantially	-0.3
insufferable	-0.3
insufferably	-0.3
insufficiency	-0.3
insufficient	-0.3
insufficiently	-0.3
insular	-0.3
insult	-0.3
insulted	-0.3
insulting	-0.3
insultingly	-0.3
insults	-0.3
insupportable	-0.3
insupportably	-0.3
insurmountable	-0.3
insurmountably	-0.3
insurrection	-0.3
intefere	-0.3
inteferes	-0.3
intense	-0.3
interfere	-0.3
interference	-0.3
interferes	-0.3
intermittent	-0.3
interrupt	-0.3
interruption	-0.3
interruptions	-0.3
intimidate	-0.3
intimidating	-0.3
intimidatingly	-0.3
intimidation	-0.3
intolerable	-0.3
intolerablely	-0.3
intolerance	-0.3
intoxicate	-0.3
intractable	-0.3
intransigence	-0.3
intransigent	-0.3
intrude	-0.3
intrusion	-0.3
intrusive	-0.3
inundate	-0.3
inundated	-0.3
invader	-0.3
invalid	-0.3
invalidate	-0.3
invalidity	-0.3
invasive	-0.3
invective	-0.3
inveigle	-0.3
invidious	-0.3
invidiously	-0.3
invidiousness	-0.3
invisible	-0.3
involuntarily	-0.3
involuntary	-0.3
irascible	-0.3
irate	-0.3
irately	-0.3
ire	-0.3
irk	-0.3
irked	-0.3
irking	-0.3
irks	-0.3
irksome	-0.3
irksomely	-0.3
irksomeness	-0.3
irksomenesses	-0.3
ironic	-0.3
ironical	-0.3
ironically	-0.3
ironies	-0.3
irony	-0.3
irragularity	-0.3
irrational	-0.3
irrationalities	-0.3
irrationality	-0.3
irrationally	-0.3
irrationals	-0.3
irreconcilable	-0.3
irrecoverable	-0.3
irrecoverableness	-0.3
irrecoverablenesses	-0.3
irrecoverably	-0.3
irredeemable	-0.3
irredeemably	-0.3
irreformable	-0.3
irregular	-0.3
irregularity	-0.3
irrelevance	-0.3
irrelevant	-0.3
irreparable	-0.3
irreplacible	-0.3
irrepressible	-0.3
irresolute	-0.3
irresolvable	-0.3
irresponsible	-0.3
irresponsibly	-0.3
irretating	-0.3
irretrievable	-0.3
irreversible	-0.3
irritable	-0.3
irritably	-0.3
irritant	-0.3
irritate	-0.3
irritated	-0.3
irritating	-0.3
irritation	-0.3
irritations	-0.3
isolate	-0.3
isolated	-0.3
isolation	-0.3
issue	-0.3
issues	-0.3
itch	-0.3
itching	-0.3
itchy	-0.3
jabber	-0.3
jaded	-0.3
jagged	-0.3
jam	-0.3
jarring	-0.3
jaundiced	-0.3
jealous	-0.3
jealously	-0.3
jealousness	-0.3
jealousy	-0.3
jeer	-0.3
jeering	-0.3
jeeringly	-0.3
jeers	-0.3
jeopardize	-0.3
jeopardy	-0.3
jerk	-0.3
jerky	-0.3
jitter	-0.3
jitters	-0.3
jittery	-0.3
job-killing	-0.3
jobless	-0.3
joke	-0.3
joker	-0.3
jolt	-0.3
judder	-0.3
juddering	-0.3
judders	-0.3
jumpy	-0.3
junk	-0.3
junky	-0.3
junkyard	-0.3
jutter	-0.3
jutters	-0.3
kaput	-0.3
kill	-0.3
killed	-0.3
killer	-0.3
killing	-0.3
killjoy	-0.3
kills	-0.3
knave	-0.3
knife	-0.3
knock	-0.3
knotted	-0.3
kook	-0.3
kooky	-0.3
lack	-0.3
lackadaisical	-0.3
lacked	-0.3
lackey	-0.3
lackeys	-0.3
lacking	-0.3
lackluster	-0.3
lacks	-0.3
laconic	-0.3
lag	-0.3
lagged	-0.3
lagging	-0.3
laggy	-0.3
lags	-0.3
laid-off	-0.3
lambast	-0.3
lambaste	-0.3
lame	-0.3
lame-duck	-0.3
lament	-0.3
lamentable	-0.3
lamentably	-0.3
languid	-0.3
languish	-0.3
languor	-0.3
languorous	-0.3
languorously	-0.3
lanky	-0.3
lapse	-0.3
lapsed	-0.3
lapses	-0.3
lascivious	-0.3
last-ditch	-0.3
latency	-0.3
laughable	-0.3
laughably	-0.3
laughingstock	-0.3
lawbreaker	-0.3
lawbreaking	-0.3
lawless	-0.3
lawlessness	-0.3
layoff	-0.3
layoff-happy	-0.3
lazy	-0.3
leak	-0.3
leakage	-0.3
leakages	-0.3
leaking	-0.3
leaks	-0.3
leaky	-0.3
lech	-0.3
lecher	-0.3
lecherous	-0.3
lechery	-0.3
leech	-0.3
leer	-0.3
leery	-0.3
left-leaning	-0.3
lemon	-0.3
lengthy	-0.3
less-developed	-0.3
lesser-known	-0.3
letch	-0.3
lethal	-0.3
lethargic	-0.3
lethargy	-0.3
lewd	-0.3
lewdly	-0.3
lewdness	-0.3
liability	-0.3
liable	-0.3
liar	-0.3
liars	-0.3
licentious	-0.3
licentiously	-0.3
licentiousness	-0.3
lie	-0.3
lied	-0.3
lier	-0.3
lies	-0.3
life-threatening	-0.3
lifeless	-0.3
limit	-0.3
limitation	-0.3
limitations	-0.3
limited	-0.3
limits	-0.3
limp	-0.3
listless	-0.3
litigious	-0.3
little-known	-0.3
livid	-0.3
lividly	-0.3
loath	-0.3
loathe	-0.3
loathing	-0.3
loathly	-0.3
loathsome	-0.3
loathsomely	-0.3
lone	-0.3
loneliness	-0.3
lonely	-0.3
loner	-0.3
lonesome	-0.3
long-time	-0.3
long-winded	-0.3
longing	-0.3
longingly	-0.3
loophole	-0.3
loopholes	-0.3
loose	-0.3
loot	-0.3
lorn	-0.3
lose	-0.3
loser	-0.3
losers	-0.3
loses	-0.3
losing	-0.3
loss	-0.3
losses	-0.3
lost	-0.3
loud	-0.3
louder	-0.3
lousy	-0.3
loveless	-0.3
lovelorn	-0.3
low-rated	-0.3
lowly	-0.3
ludicrous	-0.3
ludicrously	-0.3
lugubrious	-0.3
lukewarm	-0.3
lull	-0.3
lumpy	-0.3
lunatic	-0.3
lunaticism	-0.3
lurch	-0.3
lure	-0.3
lurid	-0.3
lurk	-0.3
lurking	-0.3
lying	-0.3
macabre	-0.3
mad	-0.3
madden	-0.3
maddening	-0.3
maddeningly	-0.3
madder	-0.3
madly	-0.3
madman	-0.3
madness	-0.3
maladjusted	-0.3
maladjustment	-0.3
malady	-0.3
malaise	-0.3
malcontent	-0.3
malcontented	-0.3
maledict	-0.3
malevolence	-0.3
malevolent	-0.3
malevolently	-0.3
malice	-0.3
malicious	-0.3
maliciously	-0.3
maliciousness	-0.3
malign	-0.3
malignant	-0.3
malodorous	-0.3
maltreatment	-0.3
mangle	-0.3
mangled	-0.3
mangles	-0.3
mangling	-0.3
mania	-0.3
maniac	-0.3
maniacal	-0.3
manic	-0.3
manipulate	-0.3
manipulation	-0.3
manipulative	-0.3
manipulators	-0.3
mar	-0.3
marginal	-0.3
marginally	-0.3
martyrdom	-0.3
martyrdom-seeking	-0.3
mashed	-0.3
massacre	-0.3
massacres	-0.3
matte	-0.3
mawkish	-0.3
mawkishly	-0.3
mawkishness	-0.3
meager	-0.3
meaningless	-0.3
meanness	-0.3
measly	-0.3
meddle	-0.3
meddlesome	-0.3
mediocre	-0.3
mediocrity	-0.3
melancholy	-0.3
melodramatic	-0.3
melodramatically	-0.3
meltdown	-0.3
menace	-0.3
menacing	-0.3
menacingly	-0.3
mendacious	-0.3
mendacity	-0.3
menial	-0.3
merciless	-0.3
mercilessly	-0.3
mess	-0.3
messed	-0.3
messes	-0.3
messing	-0.3
messy	-0.3
midget	-0.3
miff	-0.3
militancy	-0.3
mindless	-0.3
mindlessly	-0.3
mirage	-0.3
mire	-0.3
misalign	-0.3
misaligned	-0.3
misaligns	-0.3
misapprehend	-0.3
misbecome	-0.3
misbecoming	-0.3
misbegotten	-0.3
misbehave	-0.3
misbehavior	-0.3
miscalculate	-0.3
miscalculation	-0.3
miscellaneous	-0.3
mischief	-0.3
mischievous	-0.3
mischievously	-0.3
misconception	-0.3
misconceptions	-0.3
miscreant	-0.3
miscreants	-0.3
misdirection	-0.3
miser	-0.3
miserable	-0.3
miserableness	-0.3
miserably	-0.3
miseries	-0.3
miserly	-0.3
misery	-0.3
misfit	-0.3
misfortune	-0.3
misgiving	-0.3
misgivings	-0.3
misguidance	-0.3
misguide	-0.3
misguided	-0.3
mishandle	-0.3
mishap	-0.3
misinform	-0.3
misinformed	-0.3
misinterpret	-0.3
misjudge	-0.3
misjudgment	-0.3
mislead	-0.3
misleading	-0.3
misleadingly	-0.3
mislike	-0.3
mismanage	-0.3
mispronounce	-0.3
mispronounced	-0.3
mispronounces	-0.3
misread	-0.3
misreading	-0.3
misrepresent	-0.3
misrepresentation	-0.3
miss	-0.3
missed	-0.3
misses	-0.3
misstatement	-0.3
mist	-0.3
mistake	-0.3
mistaken	-0.3
mistakenly	-0.3
mistakes	-0.3
mistified	-0.3
mistress	-0.3
mistrust	-0.3
mistrustful	-0.3
mistrustfully	-0.3
mists	-0.3
misunderstand	-0.3
misunderstanding	-0.3
misunderstandings	-0.3
misunderstood	-0.3
misuse	-0.3
moan	-0.3
mobster	-0.3
mock	-0.3
mocked	-0.3
mockeries	-0.3
mockery	-0.3
mocking	-0.3
mockingly	-0.3
mocks	-0.3
molest	-0.3
molestation	-0.3
monotonous	-0.3
monotony	-0.3
monster	-0.3
monstrosities	-0.3
monstrosity	-0.3
monstrous	-0.3
monstrously	-0.3
moody	-0.3
moot	-0.3
mope	-0.3
morbid	-0.3
morbidly	-0.3
mordant	-0.3
mordantly	-0.3
moribund	-0.3
moron	-0.3
moronic	-0.3
morons	-0.3
mortification	-0.3
mortified	-0.3
mortify	-0.3
mortifying	-0.3
motionless	-0.3
motley	-0.3
mourn	-0.3
mourner	-0.3
mournful	-0.3
mournfully	-0.3
muddle	-0.3
muddy	-0.3
mudslinger	-0.3
mudslinging	-0.3
mulish	-0.3
multi-polarization	-0.3
mundane	-0.3
murder	-0.3
murderer	-0.3
murderous	-0.3
murderously	-0.3
murky	-0.3
muscle-flexing	-0.3
mushy	-0.3
musty	-0.3
mysterious	-0.3
mysteriously	-0.3
mystery	-0.3
mystify	-0.3
myth	-0.3
nag	-0.3
nagging	-0.3
naive	-0.3
naively	-0.3
narrower	-0.3
nastily	-0.3
nastiness	-0.3
nasty	-0.3
naughty	-0.3
nauseate	-0.3
nauseates	-0.3
nauseating	-0.3
nauseatingly	-0.3
naï¿½ve	-0.3
nebulous	-0.3
nebulously	-0.3
needless	-0.3
needlessly	-0.3
needy	-0.3
nefarious	-0.3
nefariously	-0.3
negate	-0.3
negation	-0.3
negative	-0.3
negatives	-0.3
negativity	-0.3
neglect	-0.3
neglected	-0.3
negligence	-0.3
negligent	-0.3
nemesis	-0.3
nepotism	-0.3
nervous	-0.3
nervously	-0.3
nervousness	-0.3
nettle	-0.3
nettlesome	-0.3
neurotic	-0.3
neurotically	-0.3
niggle	-0.3
niggles	-0.3
nightmare	-0.3
nightmarish	-0.3
nightmarishly	-0.3
nitpick	-0.3
nitpicking	-0.3
noise	-0.3
noises	-0.3
noisier	-0.3
noisy	-0.3
non-confidence	-0.3
nonexistent	-0.3
nonresponsive	-0.3
nonsense	-0.3
nosey	-0.3
notoriety	-0.3
notorious	-0.3
notoriously	-0.3
noxious	-0.3
nuisance	-0.3
numb	-0.3
obese	-0.3
object	-0.3
objection	-0.3
objectionable	-0.3
objections	-0.3
oblique	-0.3
obliterate	-0.3
obliterated	-0.3
oblivious	-0.3
obnoxious	-0.3
obnoxiously	-0.3
obscene	-0.3
obscenely	-0.3
obscenity	-0.3
obscure	-0.3
obscured	-0.3
obscures	-0.3
obscurity	-0.3
obsess	-0.3
obsessive	-0.3
obsessively	-0.3
obsessiveness	-0.3
obsolete	-0.3
obstacle	-0.3
obstinate	-0.3
obstinately	-0.3
obstruct	-0.3
obstructed	-0.3
obstructing	-0.3
obstruction	-0.3
obstructs	-0.3
obtrusive	-0.3
obtuse	-0.3
occlude	-0.3
occluded	-0.3
occludes	-0.3
occluding	-0.3
odd	-0.3
odder	-0.3
oddest	-0.3
oddities	-0.3
oddity	-0.3
oddly	-0.3
odor	-0.3
offence	-0.3
offend	-0.3
offender	-0.3
offending	-0.3
offenses	-0.3
offensive	-0.3
offensively	-0.3
offensiveness	-0.3
officious	-0.3
ominous	-0.3
ominously	-0.3
omission	-0.3
omit	-0.3
one-sided	-0.3
onerous	-0.3
onerously	-0.3
onslaught	-0.3
opinionated	-0.3
opponent	-0.3
opportunistic	-0.3
oppose	-0.3
opposition	-0.3
oppositions	-0.3
oppress	-0.3
oppression	-0.3
oppressive	-0.3
oppressively	-0.3
oppressiveness	-0.3
oppressors	-0.3
ordeal	-0.3
orphan	-0.3
ostracize	-0.3
outbreak	-0.3
outburst	-0.3
outbursts	-0.3
outcast	-0.3
outcry	-0.3
outlaw	-0.3
outmoded	-0.3
outrage	-0.3
outraged	-0.3
outrageous	-0.3
outrageously	-0.3
outrageousness	-0.3
outrages	-0.3
outsider	-0.3
over-acted	-0.3
over-awe	-0.3
over-balanced	-0.3
over-hyped	-0.3
over-priced	-0.3
over-valuation	-0.3
overact	-0.3
overacted	-0.3
overawe	-0.3
overbalance	-0.3
overbalanced	-0.3
overbearing	-0.3
overbearingly	-0.3
overblown	-0.3
overdo	-0.3
overdone	-0.3
overdue	-0.3
overemphasize	-0.3
overheat	-0.3
overkill	-0.3
overloaded	-0.3
overlook	-0.3
overpaid	-0.3
overpayed	-0.3
overplay	-0.3
overpower	-0.3
overpriced	-0.3
overrated	-0.3
overreach	-0.3
overrun	-0.3
overshadow	-0.3
oversight	-0.3
oversights	-0.3
oversimplification	-0.3
oversimplified	-0.3
oversimplify	-0.3
oversize	-0.3
overstate	-0.3
overstated	-0.3
overstatement	-0.3
overstatements	-0.3
overstates	-0.3
overtaxed	-0.3
overthrow	-0.3
overthrows	-0.3
overturn	-0.3
overweight	-0.3
overwhelm	-0.3
overwhelmed	-0.3
overwhelming	-0.3
overwhelmingly	-0.3
overwhelms	-0.3
overzealous	-0.3
overzealously	-0.3
overzelous	-0.3
pain	-0.3
painful	-0.3
painfull	-0.3
painfully	-0.3
pains	-0.3
pale	-0.3
pales	-0.3
paltry	-0.3
pan	-0.3
pandemonium	-0.3
pander	-0.3
pandering	-0.3
panders	-0.3
panic	-0.3
panick	-0.3
panicked	-0.3
panicking	-0.3
panicky	-0.3
paradoxical	-0.3
paradoxically	-0.3
paralize	-0.3
paralyzed	-0.3
paranoia	-0.3
paranoid	-0.3
parasite	-0.3
pariah	-0.3
parody	-0.3
partiality	-0.3
partisan	-0.3
partisans	-0.3
passe	-0.3
passive	-0.3
passiveness	-0.3
pathetic	-0.3
pathetically	-0.3
patronize	-0.3
paucity	-0.3
pauper	-0.3
paupers	-0.3
payback	-0.3
peculiar	-0.3
peculiarly	-0.3
pedantic	-0.3
peeled	-0.3
peeve	-0.3
peeved	-0.3
peevish	-0.3
peevishly	-0.3
penalize	-0.3
penalty	-0.3
perfidious	-0.3
perfidity	-0.3
perfunctory	-0.3
peril	-0.3
perilous	-0.3
perilously	-0.3
perish	-0.3
pernicious	-0.3
perplex	-0.3
perplexed	-0.3
perplexing	-0.3
perplexity	-0.3
persecute	-0.3
persecution	-0.3
pertinacious	-0.3
pertinaciously	-0.3
pertinacity	-0.3
perturb	-0.3
perturbed	-0.3
pervasive	-0.3
perverse	-0.3
perversely	-0.3
perversion	-0.3
perversity	-0.3
pervert	-0.3
perverted	-0.3
perverts	-0.3
pessimism	-0.3
pessimistic	-0.3
pessimistically	-0.3
pest	-0.3
pestilent	-0.3
petrified	-0.3
petrify	-0.3
pettifog	-0.3
petty	-0.3
phobia	-0.3
phobic	-0.3
phony	-0.3
picket	-0.3
picketed	-0.3
picketing	-0.3
pickets	-0.3
picky	-0.3
pig	-0.3
pigs	-0.3
pillage	-0.3
pillory	-0.3
pimple	-0.3
pinch	-0.3
pique	-0.3
pitiable	-0.3
pitiful	-0.3
pitifully	-0.3
pitiless	-0.3
pitilessly	-0.3
pittance	-0.3
pity	-0.3
plagiarize	-0.3
plague	-0.3
plasticky	-0.3
plaything	-0.3
plea	-0.3
pleas	-0.3
plebeian	-0.3
plight	-0.3
plot	-0.3
plotters	-0.3
ploy	-0.3
plunder	-0.3
plunderer	-0.3
pointless	-0.3
pointlessly	-0.3
poison	-0.3
poisonous	-0.3
poisonously	-0.3
pokey	-0.3
poky	-0.3
polarisation	-0.3
polemize	-0.3
pollute	-0.3
polluter	-0.3
polluters	-0.3
polution	-0.3
pompous	-0.3
poor	-0.3
poorer	-0.3
poorest	-0.3
poorly	-0.3
posturing	-0.3
pout	-0.3
poverty	-0.3
powerless	-0.3
prate	-0.3
pratfall	-0.3
prattle	-0.3
precarious	-0.3
precariously	-0.3
precipitate	-0.3
precipitous	-0.3
predatory	-0.3
predicament	-0.3
prejudge	-0.3
prejudice	-0.3
prejudices	-0.3
prejudicial	-0.3
premeditated	-0.3
preoccupy	-0.3
preposterous	-0.3
preposterously	-0.3
presumptuous	-0.3
presumptuously	-0.3
pretence	-0.3
pretend	-0.3
pretense	-0.3
pretentious	-0.3
pretentiously	-0.3
prevaricate	-0.3
pricey	-0.3
pricier	-0.3
prick	-0.3
prickle	-0.3
prickles	-0.3
prideful	-0.3
prik	-0.3
primitive	-0.3
prison	-0.3
prisoner	-0.3
problem	-0.3
problematic	-0.3
problems	-0.3
procrastinate	-0.3
procrastinates	-0.3
procrastination	-0.3
profane	-0.3
profanity	-0.3
prohibit	-0.3
prohibitive	-0.3
prohibitively	-0.3
propaganda	-0.3
propagandize	-0.3
proprietary	-0.3
prosecute	-0.3
protest	-0.3
protested	-0.3
protesting	-0.3
protests	-0.3
protracted	-0.3
provocation	-0.3
provocative	-0.3
provoke	-0.3
pry	-0.3
pugnacious	-0.3
pugnaciously	-0.3
pugnacity	-0.3
punch	-0.3
punish	-0.3
punishable	-0.3
punitive	-0.3
punk	-0.3
puny	-0.3
puppet	-0.3
puppets	-0.3
puzzled	-0.3
puzzlement	-0.3
puzzling	-0.3
quack	-0.3
qualm	-0.3
qualms	-0.3
quandary	-0.3
quarrel	-0.3
quarrellous	-0.3
quarrellously	-0.3
quarrels	-0.3
quarrelsome	-0.3
quash	-0.3
queer	-0.3
questionable	-0.3
quibble	-0.3
quibbles	-0.3
quitter	-0.3
rabid	-0.3
racism	-0.3
racist	-0.3
racists	-0.3
racy	-0.3
radical	-0.3
radicalization	-0.3
radically	-0.3
radicals	-0.3
rage	-0.3
ragged	-0.3
raging	-0.3
rail	-0.3
raked	-0.3
rampage	-0.3
rampant	-0.3
ramshackle	-0.3
rancor	-0.3
randomly	-0.3
rankle	-0.3
rant	-0.3
ranted	-0.3
ranting	-0.3
rantingly	-0.3
rants	-0.3
rape	-0.3
raped	-0.3
raping	-0.3
rascal	-0.3
rascals	-0.3
rash	-0.3
rattle	-0.3
rattled	-0.3
rattles	-0.3
ravage	-0.3
raving	-0.3
reactionary	-0.3
rebellious	-0.3
rebuff	-0.3
rebuke	-0.3
recalcitrant	-0.3
recant	-0.3
recession	-0.3
recessionary	-0.3
reckless	-0.3
recklessly	-0.3
recklessness	-0.3
recoil	-0.3
recourses	-0.3
redundancy	-0.3
redundant	-0.3
refusal	-0.3
refuse	-0.3
refused	-0.3
refuses	-0.3
refusing	-0.3
refutation	-0.3
refute	-0.3
refuted	-0.3
refutes	-0.3
refuting	-0.3
regress	-0.3
regression	-0.3
regressive	-0.3
regret	-0.3
regreted	-0.3
regretful	-0.3
regretfully	-0.3
regrets	-0.3
regrettable	-0.3
regrettably	-0.3
regretted	-0.3
reject	-0.3
rejected	-0.3
rejecting	-0.3
rejection	-0.3
rejects	-0.3
relapse	-0.3
relentless	-0.3
relentlessly	-0.3
relentlessness	-0.3
reluctance	-0.3
reluctant	-0.3
reluctantly	-0.3
remorse	-0.3
remorseful	-0.3
remorsefully	-0.3
remorseless	-0.3
remorselessly	-0.3
remorselessness	-0.3
renounce	-0.3
renunciation	-0.3
repel	-0.3
repetitive	-0.3
reprehensible	-0.3
reprehensibly	-0.3
reprehension	-0.3
reprehensive	-0.3
repress	-0.3
repression	-0.3
repressive	-0.3
reprimand	-0.3
reproach	-0.3
reproachful	-0.3
reprove	-0.3
reprovingly	-0.3
repudiate	-0.3
repudiation	-0.3
repugn	-0.3
repugnance	-0.3
repugnant	-0.3
repugnantly	-0.3
repulse	-0.3
repulsed	-0.3
repulsing	-0.3
repulsive	-0.3
repulsively	-0.3
repulsiveness	-0.3
resent	-0.3
resentful	-0.3
resentment	-0.3
resignation	-0.3
resigned	-0.3
resistance	-0.3
restless	-0.3
restlessness	-0.3
restrict	-0.3
restricted	-0.3
restriction	-0.3
restrictive	-0.3
resurgent	-0.3
retaliate	-0.3
retaliatory	-0.3
retard	-0.3
retarded	-0.3
retardedness	-0.3
retards	-0.3
reticent	-0.3
retract	-0.3
retreat	-0.3
retreated	-0.3
revenge	-0.3
revengeful	-0.3
revengefully	-0.3
revert	-0.3
revile	-0.3
reviled	-0.3
revoke	-0.3
revolt	-0.3
revolting	-0.3
revoltingly	-0.3
revulsion	-0.3
revulsive	-0.3
rhapsodize	-0.3
rhetoric	-0.3
rhetorical	-0.3
ricer	-0.3
ridicule	-0.3
ridicules	-0.3
ridiculous	-0.3
ridiculously	-0.3
rife	-0.3
rift	-0.3
rifts	-0.3
rigid	-0.3
rigidity	-0.3
rigidness	-0.3
rile	-0.3
riled	-0.3
rip	-0.3
rip-off	-0.3
ripoff	-0.3
ripped	-0.3
risk	-0.3
risks	-0.3
risky	-0.3
rival	-0.3
rivalry	-0.3
roadblocks	-0.3
rocky	-0.3
rogue	-0.3
rollercoaster	-0.3
rot	-0.3
rotten	-0.3
rough	-0.3
rremediable	-0.3
rubbish	-0.3
rude	-0.3
rue	-0.3
ruffian	-0.3
ruffle	-0.3
ruin	-0.3
ruined	-0.3
ruining	-0.3
ruinous	-0.3
ruins	-0.3
rumbling	-0.3
rumor	-0.3
rumors	-0.3
rumours	-0.3
rumple	-0.3
run-down	-0.3
runaway	-0.3
rupture	-0.3
rust	-0.3
rusts	-0.3
rusty	-0.3
rut	-0.3
ruthless	-0.3
ruthlessly	-0.3
ruthlessness	-0.3
ruts	-0.3
sabotage	-0.3
sack	-0.3
sacrificed	-0.3
sad	-0.3
sadden	-0.3
sadly	-0.3
sadness	-0.3
sag	-0.3
sagged	-0.3
sagging	-0.3
saggy	-0.3
sags	-0.3
salacious	-0.3
sanctimonious	-0.3
sap	-0.3
sarcasm	-0.3
sarcastic	-0.3
sarcastically	-0.3
sardonic	-0.3
sardonically	-0.3
sass	-0.3
satirical	-0.3
satirize	-0.3
savage	-0.3
savaged	-0.3
savagery	-0.3
savages	-0.3
scaly	-0.3
scam	-0.3
scams	-0.3
scandal	-0.3
scandalize	-0.3
scandalized	-0.3
scandalous	-0.3
scandalously	-0.3
scandals	-0.3
scandel	-0.3
scandels	-0.3
scant	-0.3
scapegoat	-0.3
scar	-0.3
scarce	-0.3
scarcely	-0.3
scarcity	-0.3
scare	-0.3
scared	-0.3
scarier	-0.3
scariest	-0.3
scarily	-0.3
scarred	-0.3
scars	-0.3
scary	-0.3
scathing	-0.3
scathingly	-0.3
sceptical	-0.3
scoff	-0.3
scoffingly	-0.3
scold	-0.3
scolded	-0.3
scolding	-0.3
scoldingly	-0.3
scorching	-0.3
scorchingly	-0.3
scorn	-0.3
scornful	-0.3
scornfully	-0.3
scoundrel	-0.3
scourge	-0.3
scowl	-0.3
scramble	-0.3
scrambled	-0.3
scrambles	-0.3
scrambling	-0.3
scrap	-0.3
scratch	-0.3
scratched	-0.3
scratches	-0.3
scratchy	-0.3
scream	-0.3
screech	-0.3
screw-up	-0.3
screwed	-0.3
screwed-up	-0.3
screwy	-0.3
scuff	-0.3
scuffs	-0.3
scum	-0.3
scummy	-0.3
second-class	-0.3
second-tier	-0.3
secretive	-0.3
sedentary	-0.3
seedy	-0.3
seethe	-0.3
seething	-0.3
self-coup	-0.3
self-criticism	-0.3
self-defeating	-0.3
self-destructive	-0.3
self-humiliation	-0.3
self-interest	-0.3
self-interested	-0.3
self-serving	-0.3
selfinterested	-0.3
selfish	-0.3
selfishly	-0.3
selfishness	-0.3
semi-retarded	-0.3
senile	-0.3
sensationalize	-0.3
senseless	-0.3
senselessly	-0.3
seriousness	-0.3
sermonize	-0.3
servitude	-0.3
set-up	-0.3
setback	-0.3
setbacks	-0.3
sever	-0.3
severe	-0.3
severity	-0.3
sh*t	-0.3
shabby	-0.3
shadowy	-0.3
shady	-0.3
shake	-0.3
shaky	-0.3
shallow	-0.3
sham	-0.3
shambles	-0.3
shame	-0.3
shameful	-0.3
shamefully	-0.3
shamefulness	-0.3
shameless	-0.3
shamelessly	-0.3
shamelessness	-0.3
shark	-0.3
sharply	-0.3
shatter	-0.3
shemale	-0.3
shimmer	-0.3
shimmy	-0.3
shipwreck	-0.3
shirk	-0.3
shirker	-0.3
shit	-0.3
shiver	-0.3
shock	-0.3
shocked	-0.3
shocking	-0.3
shockingly	-0.3
shoddy	-0.3
short-lived	-0.3
shortage	-0.3
shortchange	-0.3
shortcoming	-0.3
shortcomings	-0.3
shortness	-0.3
shortsighted	-0.3
shortsightedness	-0.3
showdown	-0.3
shrew	-0.3
shriek	-0.3
shrill	-0.3
shrilly	-0.3
shrivel	-0.3
shroud	-0.3
shrouded	-0.3
shrug	-0.3
shun	-0.3
shunned	-0.3
sick	-0.3
sicken	-0.3
sickening	-0.3
sickeningly	-0.3
sickly	-0.3
sickness	-0.3
sidetrack	-0.3
sidetracked	-0.3
siege	-0.3
sillily	-0.3
silly	-0.3
simplistic	-0.3
simplistically	-0.3
sin	-0.3
sinful	-0.3
sinfully	-0.3
sinister	-0.3
sinisterly	-0.3
sink	-0.3
sinking	-0.3
skeletons	-0.3
skeptic	-0.3
skeptical	-0.3
skeptically	-0.3
skepticism	-0.3
sketchy	-0.3
skimpy	-0.3
skinny	-0.3
skittish	-0.3
skittishly	-0.3
skulk	-0.3
slack	-0.3
slander	-0.3
slanderer	-0.3
slanderous	-0.3
slanderously	-0.3
slanders	-0.3
slap	-0.3
slashing	-0.3
slaughter	-0.3
slaughtered	-0.3
slave	-0.3
slaves	-0.3
sleazy	-0.3
slime	-0.3
slog	-0.3
slogged	-0.3
slogging	-0.3
slogs	-0.3
sloooooooooooooow	-0.3
sloooow	-0.3
slooow	-0.3
sloow	-0.3
sloppily	-0.3
sloppy	-0.3
sloth	-0.3
slothful	-0.3
slow	-0.3
slow-moving	-0.3
slowed	-0.3
slower	-0.3
slowest	-0.3
slowly	-0.3
sloww	-0.3
slowww	-0.3
slowwww	-0.3
slug	-0.3
sluggish	-0.3
slump	-0.3
slumping	-0.3
slumpping	-0.3
slur	-0.3
slut	-0.3
sluts	-0.3
sly	-0.3
smack	-0.3
smallish	-0.3
smash	-0.3
smear	-0.3
smell	-0.3
smelled	-0.3
smelling	-0.3
smells	-0.3
smelly	-0.3
smelt	-0.3
smoke	-0.3
smokescreen	-0.3
smolder	-0.3
smoldering	-0.3
smother	-0.3
smoulder	-0.3
smouldering	-0.3
smudge	-0.3
smudged	-0.3
smudges	-0.3
smudging	-0.3
smug	-0.3
smugly	-0.3
smut	-0.3
smuttier	-0.3
smuttiest	-0.3
smutty	-0.3
snag	-0.3
snagged	-0.3
snagging	-0.3
snags	-0.3
snappish	-0.3
snappishly	-0.3
snare	-0.3
snarky	-0.3
snarl	-0.3
sneak	-0.3
sneakily	-0.3
sneaky	-0.3
sneer	-0.3
sneering	-0.3
sneeringly	-0.3
snob	-0.3
snobbish	-0.3
snobby	-0.3
snobish	-0.3
snobs	-0.3
snub	-0.3
so-cal	-0.3
soapy	-0.3
sob	-0.3
sober	-0.3
sobering	-0.3
solemn	-0.3
solicitude	-0.3
somber	-0.3
sore	-0.3
sorely	-0.3
soreness	-0.3
sorrow	-0.3
sorrowful	-0.3
sorrowfully	-0.3
sorry	-0.3
sour	-0.3
sourly	-0.3
spade	-0.3
spank	-0.3
spendy	-0.3
spew	-0.3
spewed	-0.3
spewing	-0.3
spews	-0.3
spilling	-0.3
spinster	-0.3
spiritless	-0.3
spite	-0.3
spiteful	-0.3
spitefully	-0.3
spitefulness	-0.3
splatter	-0.3
split	-0.3
splitting	-0.3
spoil	-0.3
spoilage	-0.3
spoilages	-0.3
spoiled	-0.3
spoilled	-0.3
spoils	-0.3
spook	-0.3
spookier	-0.3
spookiest	-0.3
spookily	-0.3
spooky	-0.3
spoon-fed	-0.3
spoon-feed	-0.3
spoonfed	-0.3
sporadic	-0.3
spotty	-0.3
spurious	-0.3
spurn	-0.3
sputter	-0.3
squabble	-0.3
squabbling	-0.3
squander	-0.3
squash	-0.3
squeak	-0.3
squeaks	-0.3
squeaky	-0.3
squeal	-0.3
squealing	-0.3
squeals	-0.3
squirm	-0.3
stab	-0.3
stagnant	-0.3
stagnate	-0.3
stagnation	-0.3
staid	-0.3
stain	-0.3
stains	-0.3
stale	-0.3
stalemate	-0.3
stall	-0.3
stalls	-0.3
stammer	-0.3
stampede	-0.3
standstill	-0.3
stark	-0.3
starkly	-0.3
startle	-0.3
startling	-0.3
startlingly	-0.3
starvation	-0.3
starve	-0.3
static	-0.3
steal	-0.3
stealing	-0.3
steals	-0.3
steep	-0.3
steeply	-0.3
stench	-0.3
stereotype	-0.3
stereotypical	-0.3
stereotypically	-0.3
stern	-0.3
stew	-0.3
sticky	-0.3
stiff	-0.3
stiffness	-0.3
stifle	-0.3
stifling	-0.3
stiflingly	-0.3
stigma	-0.3
stigmatize	-0.3
sting	-0.3
stinging	-0.3
stingingly	-0.3
stingy	-0.3
stink	-0.3
stinks	-0.3
stodgy	-0.3
stole	-0.3
stolen	-0.3
stooge	-0.3
stooges	-0.3
stormy	-0.3
straggle	-0.3
straggler	-0.3
strain	-0.3
strained	-0.3
straining	-0.3
strange	-0.3
strangely	-0.3
stranger	-0.3
strangest	-0.3
strangle	-0.3
streaky	-0.3
strenuous	-0.3
stress	-0.3
stresses	-0.3
stressful	-0.3
stressfully	-0.3
stricken	-0.3
strict	-0.3
strictly	-0.3
strident	-0.3
stridently	-0.3
strife	-0.3
strike	-0.3
stringent	-0.3
stringently	-0.3
struck	-0.3
struggle	-0.3
struggled	-0.3
struggles	-0.3
struggling	-0.3
strut	-0.3
stubborn	-0.3
stubbornly	-0.3
stubbornness	-0.3
stuck	-0.3
stuffy	-0.3
stumble	-0.3
stumbled	-0.3
stumbles	-0.3
stump	-0.3
stumped	-0.3
stumps	-0.3
stun	-0.3
stunt	-0.3
stunted	-0.3
stupid	-0.3
stupidest	-0.3
stupidity	-0.3
stupidly	-0.3
stupified	-0.3
stupify	-0.3
stupor	-0.3
stutter	-0.3
stuttered	-0.3
stuttering	-0.3
stutters	-0.3
sty	-0.3
stymied	-0.3
sub-par	-0.3
subdued	-0.3
subjected	-0.3
subjection	-0.3
subjugate	-0.3
subjugation	-0.3
submissive	-0.3
subordinate	-0.3
subpoena	-0.3
subpoenas	-0.3
subservience	-0.3
subservient	-0.3
substandard	-0.3
subtract	-0.3
subversion	-0.3
subversive	-0.3
subversively	-0.3
subvert	-0.3
succumb	-0.3
suck	-0.3
sucked	-0.3
sucker	-0.3
sucks	-0.3
sucky	-0.3
sue	-0.3
sued	-0.3
sueing	-0.3
sues	-0.3
suffer	-0.3
suffered	-0.3
sufferer	-0.3
sufferers	-0.3
suffering	-0.3
suffers	-0.3
suffocate	-0.3
sugar-coat	-0.3
sugar-coated	-0.3
sugarcoated	-0.3
suicidal	-0.3
suicide	-0.3
sulk	-0.3
sullen	-0.3
sully	-0.3
sunder	-0.3
sunk	-0.3
sunken	-0.3
superficial	-0.3
superficiality	-0.3
superficially	-0.3
superfluous	-0.3
superstition	-0.3
superstitious	-0.3
suppress	-0.3
suppression	-0.3
surrender	-0.3
susceptible	-0.3
suspect	-0.3
suspicion	-0.3
suspicions	-0.3
suspicious	-0.3
suspiciously	-0.3
swagger	-0.3
swamped	-0.3
sweaty	-0.3
swelled	-0.3
swelling	-0.3
swindle	-0.3
swipe	-0.3
swollen	-0.3
symptom	-0.3
symptoms	-0.3
syndrome	-0.3
taboo	-0.3
tacky	-0.3
taint	-0.3
tainted	-0.3
tamper	-0.3
tangle	-0.3
tangled	-0.3
tangles	-0.3
tank	-0.3
tanked	-0.3
tanks	-0.3
tantrum	-0.3
tardy	-0.3
tarnish	-0.3
tarnished	-0.3
tarnishes	-0.3
tarnishing	-0.3
tattered	-0.3
taunt	-0.3
taunting	-0.3
tauntingly	-0.3
taunts	-0.3
taut	-0.3
tawdry	-0.3
taxing	-0.3
tease	-0.3
teasingly	-0.3
tedious	-0.3
tediously	-0.3
temerity	-0.3
temper	-0.3
tempest	-0.3
temptation	-0.3
tenderness	-0.3
tense	-0.3
tension	-0.3
tentative	-0.3
tentatively	-0.3
tenuous	-0.3
tenuously	-0.3
tepid	-0.3
terrible	-0.3
terribleness	-0.3
terribly	-0.3
terror	-0.3
terror-genic	-0.3
terrorism	-0.3
terrorize	-0.3
testily	-0.3
testy	-0.3
tetchily	-0.3
tetchy	-0.3
thankless	-0.3
thicker	-0.3
thirst	-0.3
thorny	-0.3
thoughtless	-0.3
thoughtlessly	-0.3
thoughtlessness	-0.3
thrash	-0.3
threat	-0.3
threaten	-0.3
threatening	-0.3
threats	-0.3
threesome	-0.3
throb	-0.3
throbbed	-0.3
throbbing	-0.3
throbs	-0.3
throttle	-0.3
thug	-0.3
thumb-down	-0.3
thumbs-down	-0.3
thwart	-0.3
time-consuming	-0.3
timid	-0.3
timidity	-0.3
timidly	-0.3
timidness	-0.3
tin-y	-0.3
tingled	-0.3
tingling	-0.3
tired	-0.3
tiresome	-0.3
tiring	-0.3
tiringly	-0.3
toil	-0.3
toll	-0.3
top-heavy	-0.3
topple	-0.3
torment	-0.3
tormented	-0.3
torrent	-0.3
tortuous	-0.3
torture	-0.3
tortured	-0.3
tortures	-0.3
torturing	-0.3
torturous	-0.3
torturously	-0.3
totalitarian	-0.3
touchy	-0.3
toughness	-0.3
tout	-0.3
touted	-0.3
touts	-0.3
toxic	-0.3
traduce	-0.3
tragedy	-0.3
tragic	-0.3
tragically	-0.3
traitor	-0.3
traitorous	-0.3
traitorously	-0.3
tramp	-0.3
trample	-0.3
transgress	-0.3
transgression	-0.3
trap	-0.3
traped	-0.3
trapped	-0.3
trash	-0.3
trashed	-0.3
trashy	-0.3
trauma	-0.3
traumatic	-0.3
traumatically	-0.3
traumatize	-0.3
traumatized	-0.3
travesties	-0.3
travesty	-0.3
treacherous	-0.3
treacherously	-0.3
treachery	-0.3
treason	-0.3
treasonous	-0.3
trick	-0.3
tricked	-0.3
trickery	-0.3
tricky	-0.3
trivial	-0.3
trivialize	-0.3
trouble	-0.3
troubled	-0.3
troublemaker	-0.3
troubles	-0.3
troublesome	-0.3
troublesomely	-0.3
troubling	-0.3
troublingly	-0.3
truant	-0.3
tumble	-0.3
tumbled	-0.3
tumbles	-0.3
tumultuous	-0.3
turbulent	-0.3
turmoil	-0.3
twist	-0.3
twisted	-0.3
twists	-0.3
two-faced	-0.3
two-faces	-0.3
tyrannical	-0.3
tyrannically	-0.3
tyranny	-0.3
tyrant	-0.3
ugh	-0.3
uglier	-0.3
ugliest	-0.3
ugliness	-0.3
ugly	-0.3
ulterior	-0.3
ultimatum	-0.3
ultimatums	-0.3
ultra-hardline	-0.3
un-viewable	-0.3
unable	-0.3
unacceptable	-0.3
unacceptablely	-0.3
unacceptably	-0.3
unaccessible	-0.3
unaccustomed	-0.3
unachievable	-0.3
unaffordable	-0.3
unappealing	-0.3
unattractive	-0.3
unauthentic	-0.3
unavailable	-0.3
unavoidably	-0.3
unbearable	-0.3
unbearablely	-0.3
unbelievable	-0.3
unbelievably	-0.3
uncaring	-0.3
uncertain	-0.3
uncivil	-0.3
uncivilized	-0.3
unclean	-0.3
unclear	-0.3
uncollectible	-0.3
uncomfortable	-0.3
uncomfortably	-0.3
uncomfy	-0.3
uncompetitive	-0.3
uncompromising	-0.3
uncompromisingly	-0.3
unconfirmed	-0.3
unconstitutional	-0.3
uncontrolled	-0.3
unconvincing	-0.3
unconvincingly	-0.3
uncooperative	-0.3
uncouth	-0.3
uncreative	-0.3
undecided	-0.3
undefined	-0.3
undependability	-0.3
undependable	-0.3
undercut	-0.3
undercuts	-0.3
undercutting	-0.3
underdog	-0.3
underestimate	-0.3
underlings	-0.3
undermine	-0.3
undermined	-0.3
undermines	-0.3
undermining	-0.3
underpaid	-0.3
underpowered	-0.3
undersized	-0.3
undesirable	-0.3
undetermined	-0.3
undid	-0.3
undignified	-0.3
undissolved	-0.3
undocumented	-0.3
undone	-0.3
undue	-0.3
unease	-0.3
uneasily	-0.3
uneasiness	-0.3
uneasy	-0.3
uneconomical	-0.3
unemployed	-0.3
unequal	-0.3
unethical	-0.3
uneven	-0.3
uneventful	-0.3
unexpected	-0.3
unexpectedly	-0.3
unexplained	-0.3
unfairly	-0.3
unfaithful	-0.3
unfaithfully	-0.3
unfamiliar	-0.3
unfavorable	-0.3
unfeeling	-0.3
unfinished	-0.3
unfit	-0.3
unforeseen	-0.3
unforgiving	-0.3
unfortunate	-0.3
unfortunately	-0.3
unfounded	-0.3
unfriendly	-0.3
unfulfilled	-0.3
unfunded	-0.3
ungovernable	-0.3
ungrateful	-0.3
unhappily	-0.3
unhappiness	-0.3
unhappy	-0.3
unhealthy	-0.3
unhelpful	-0.3
unilateralism	-0.3
unimaginable	-0.3
unimaginably	-0.3
unimportant	-0.3
uninformed	-0.3
uninsured	-0.3
unintelligible	-0.3
unintelligile	-0.3
unipolar	-0.3
unjust	-0.3
unjustifiable	-0.3
unjustifiably	-0.3
unjustified	-0.3
unjustly	-0.3
unkind	-0.3
unkindly	-0.3
unknown	-0.3
unlamentable	-0.3
unlamentably	-0.3
unlawful	-0.3
unlawfully	-0.3
unlawfulness	-0.3
unleash	-0.3
unlicensed	-0.3
unlikely	-0.3
unlucky	-0.3
unmoved	-0.3
unnatural	-0.3
unnaturally	-0.3
unnecessary	-0.3
unneeded	-0.3
unnerve	-0.3
unnerved	-0.3
unnerving	-0.3
unnervingly	-0.3
unnoticed	-0.3
unobserved	-0.3
unorthodox	-0.3
unorthodoxy	-0.3
unpleasant	-0.3
unpleasantries	-0.3
unpopular	-0.3
unpredictable	-0.3
unprepared	-0.3
unproductive	-0.3
unprofitable	-0.3
unprove	-0.3
unproved	-0.3
unproven	-0.3
unproves	-0.3
unproving	-0.3
unqualified	-0.3
unravel	-0.3
unraveled	-0.3
unreachable	-0.3
unreadable	-0.3
unrealistic	-0.3
unreasonable	-0.3
unreasonably	-0.3
unrelenting	-0.3
unrelentingly	-0.3
unreliability	-0.3
unreliable	-0.3
unresolved	-0.3
unresponsive	-0.3
unrest	-0.3
unruly	-0.3
unsafe	-0.3
unsatisfactory	-0.3
unsavory	-0.3
unscrupulous	-0.3
unscrupulously	-0.3
unsecure	-0.3
unseemly	-0.3
unsettle	-0.3
unsettled	-0.3
unsettling	-0.3
unsettlingly	-0.3
unskilled	-0.3
unsophisticated	-0.3
unsound	-0.3
unspeakable	-0.3
unspeakablely	-0.3
unspecified	-0.3
unstable	-0.3
unsteadily	-0.3
unsteadiness	-0.3
unsteady	-0.3
unsuccessful	-0.3
unsuccessfully	-0.3
unsupported	-0.3
unsupportive	-0.3
unsure	-0.3
unsuspecting	-0.3
unsustainable	-0.3
untenable	-0.3
untested	-0.3
unthinkable	-0.3
unthinkably	-0.3
untimely	-0.3
untouched	-0.3
untrue	-0.3
untrustworthy	-0.3
untruthful	-0.3
unusable	-0.3
unusably	-0.3
unuseable	-0.3
unuseably	-0.3
unusual	-0.3
unusually	-0.3
unviewable	-0.3
unwanted	-0.3
unwarranted	-0.3
unwatchable	-0.3
unwelcome	-0.3
unwell	-0.3
unwieldy	-0.3
unwilling	-0.3
unwillingly	-0.3
unwillingness	-0.3
unwise	-0.3
unwisely	-0.3
unworkable	-0.3
unworthy	-0.3
unyielding	-0.3
upbraid	-0.3
upheaval	-0.3
uprising	-0.3
uproar	-0.3
uproarious	-0.3
uproariously	-0.3
uproarous	-0.3
uproarously	-0.3
uproot	-0.3
upset	-0.3
upseting	-0.3
upsets	-0.3
upsetting	-0.3
upsettingly	-0.3
urgent	-0.3
useless	-0.3
usurp	-0.3
usurper	-0.3
utterly	-0.3
vagrant	-0.3
vague	-0.3
vagueness	-0.3
vain	-0.3
vainly	-0.3
vanity	-0.3
vehement	-0.3
vehemently	-0.3
vengeance	-0.3
vengeful	-0.3
vengefully	-0.3
vengefulness	-0.3
venom	-0.3
venomous	-0.3
venomously	-0.3
vent	-0.3
vestiges	-0.3
vex	-0.3
vexation	-0.3
vexing	-0.3
vexingly	-0.3
vibrate	-0.3
vibrated	-0.3
vibrates	-0.3
vibrating	-0.3
vibration	-0.3
vice	-0.3
vicious	-0.3
viciously	-0.3
viciousness	-0.3
victimize	-0.3
vile	-0.3
vileness	-0.3
vilify	-0.3
villainous	-0.3
villainously	-0.3
villains	-0.3
villian	-0.3
villianous	-0.3
villianously	-0.3
villify	-0.3
vindictive	-0.3
vindictively	-0.3
vindictiveness	-0.3
violate	-0.3
violation	-0.3
violator	-0.3
violators	-0.3
violent	-0.3
violently	-0.3
viper	-0.3
virulence	-0.3
virulent	-0.3
virulently	-0.3
virus	-0.3
vociferous	-0.3
vociferously	-0.3
volatile	-0.3
volatility	-0.3
vomit	-0.3
vomited	-0.3
vomiting	-0.3
vomits	-0.3
vulgar	-0.3
vulnerable	-0.3
wack	-0.3
wail	-0.3
wallow	-0.3
wane	-0.3
waning	-0.3
wanton	-0.3
war-like	-0.3
warily	-0.3
wariness	-0.3
warlike	-0.3
warned	-0.3
warning	-0.3
warp	-0.3
warped	-0.3
wary	-0.3
washed-out	-0.3
waste	-0.3
wasted	-0.3
wasteful	-0.3
wastefulness	-0.3
wasting	-0.3
water-down	-0.3
watered-down	-0.3
wayward	-0.3
weak	-0.3
weaken	-0.3
weakening	-0.3
weaker	-0.3
weakness	-0.3
weaknesses	-0.3
weariness	-0.3
wearisome	-0.3
weary	-0.3
wedge	-0.3
weed	-0.3
weep	-0.3
weird	-0.3
weirdly	-0.3
wheedle	-0.3
whimper	-0.3
whine	-0.3
whining	-0.3
whiny	-0.3
whips	-0.3
whore	-0.3
whores	-0.3
wicked	-0.3
wickedly	-0.3
wickedness	-0.3
wild	-0.3
wildly	-0.3
wiles	-0.3
wilt	-0.3
wily	-0.3
wimpy	-0.3
wince	-0.3
wobble	-0.3
wobbled	-0.3
wobbles	-0.3
woe	-0.3
woebegone	-0.3
woeful	-0.3
woefully	-0.3
womanizer	-0.3
womanizing	-0.3
worn	-0.3
worried	-0.3
worriedly	-0.3
worrier	-0.3
worries	-0.3
worrisome	-0.3
worry	-0.3
worrying	-0.3
worryingly	-0.3
worse	-0.3
worsen	-0.3
worsening	-0.3
worst	-0.3
worthless	-0.3
worthlessly	-0.3
worthlessness	-0.3
wound	-0.3
wounds	-0.3
wrangle	-0.3
wrath	-0.3
wreak	-0.3
wreaked	-0.3
wreaks	-0.3
wreck	-0.3
wrest	-0.3
wrestle	-0.3
wretch	-0.3
wretched	-0.3
wretchedly	-0.3
wretchedness	-0.3
wrinkle	-0.3
wrinkled	-0.3
wrinkles	-0.3
wrip	-0.3
wripped	-0.3
wripping	-0.3
writhe	-0.3
wrong	-0.3
wrongful	-0.3
wrongly	-0.3
wrought	-0.3
yawn	-0.3
zap	-0.3
zapped	-0.3
zaps	-0.3
zealot	-0.3
zealous	-0.3
zealously	-0.3
zombie	-0.3
